Index,Text,Line Breaked
1,American Government,
2,A: Principles of American Government,
3,Gouvernement Américain,
4,A: Les principes du Gouvernement Américain,
5,1. What is the form of government of the United States?,
6,● Republic,
7,● Constitution-based federal republic,
8,● Representative democracy,
9,1. Quel est le régime politique des États-Unis?,
10,● Une République,
11,● Une République fédérale constitutionnelle,
12,● Une démocratie représentative,
13,2. What is the supreme law of the land? *,
14,● (U.S.) Constitution,
15,2. Quelle est la loi suprême du pays? *,
16,● la Constitution,
17,3. Name one thing the U.S. Constitution does.,
18,● Forms the government,
19,● Defines powers of government,
20,● Defines the parts of government,
21,● Protects the rights of the people,
22,3. Nommez l'un des rôles de la Constitution américaine.,
23,● Elle forme le gouvernement,
24,● Elle définit les pouvoirs du gouvernement,
25,● Elle définit les instances du gouvernement,
26,● Elle protège les droits du peuple,
27,4. The U.S. Constitution starts with the words “We the People.” What does “We the People” mean?,
28,,People” mean?
29,● Self-government,
30,● Popular sovereignty,
31,● Consent of the governed,
32,● People should govern themselves,
33,● (Example of) social contract,
34,"4. La Constitution américaine commence par les mots suivants: “Nous, le peuple.”",
35,,"Que signifie “Nous, le peuple”?"
36,● Gouvernement autonome,
37,● Souveraineté populaire,
38,● Consentement des gouvernés,
39,● Le peuple devrait se gouverner lui-même,
40,● (Exemple de) contrat social,
41,5. How are changes made to the U.S. Constitution?,
42,● Amendments,
43,● The amendment process,
44,5. Comment sont effectués les changements dans la Constitution?,
45,● Les amendements,
46,● Le processus d’amendement,
47,6. What does the Bill of Rights protect?,
48,● (The basic) rights of Americans,
49,● (The basic) rights of people living in the United States,
50,6. Que protège la Déclaration des droits américaine?,
51,● Les droits (fondamentaux) des Américains,
52,● Les droits (fondamentaux) des personnes vivant sur le sol américain,
53,7. How many amendments does the U.S. Constitution have? *,
54,● Twenty-seven (27),
55,7. Combien d'amendements la Constitution contient-elle ? *,
56,● vingt-sept (27),
57,8. Why is the Declaration of Independence important?,
58,● It says America is free from British control.,
59,● It says all people are created equal.,
60,● It identifies inherent rights.,
61,● It identifies individual freedoms.,
62,8. Pourquoi la Déclaration d’Indépendance est-elle importante?,
63,● Elle stipule que l’Amérique n’est plus sous le contrôle britannique.,
64,● Elle stipule que tous les citoyens naissent égaux.,
65,● Elle identifie les droits naturels.,
66,● Elle identifie les libertés individuelles,
67,9. What founding document said the American colonies were free from Britain?,
68,● Declaration of Independence,
69,9. Quel document fondateur stipulait que les colonies américaines n'étaient plus,
70,,sous le contrôle britannique?
71,● La Déclaration d’Indépendance,
72,10. Name two important ideas from the Declaration of Independence and the U.S.,
73,,Constitution.
74,● Equality,
75,● Liberty,
76,● Social contract,
77,● Natural rights,
78,● Limited government,
79,● Self-government,
80,10. Nommez deux idées importantes de la Déclaration d’Indépendance et de la,
81,,Constitution américaine.
82,● Egalité,
83,● Liberté,
84,● Contrat social,
85,● Droits naturels,
86,● Gouvernement limité,
87,● Gouvernement autonome,
88,"11. The words “Life, Liberty, and the pursuit of Happiness” are in what founding",
89,,document?
90,● Declaration of Independence,
91,"11. Dans quel document fondateur retrouvons-nous les mots suivants: “La vie, la",
92,,liberté et la recherche du bonheur”?
93,● La Déclaration d’Indépendance,
94,12. What is the economic system of the United States? *,
95,● Capitalism,
96,● Free market economy,
97,12. Quel est le système économique des États-Unis ? *,
98,● Capitalisme,
99,● Économie de marché,
100,13. What is the rule of law?,
101,● Everyone must follow the law.,
102,● Leaders must obey the law.,
103,● Government must obey the law.,
104,● No one is above the law.,
105,13. Qu’est-ce que l’état de droit?,
106,● Tout le monde doit respecter la loi.,
107,● Les dirigeants doivent obéir à la loi.,
108,● Le gouvernement doit obéir à la loi.,
109,● Nul n’est au-dessus des lois.,
110,14. Many documents influenced the U.S. Constitution. Name one.,
111,● Declaration of Independence,
112,● Articles of Confederation,
113,● Federalist Papers,
114,● Anti-Federalist Papers,
115,● Virginia Declaration of Rights,
116,● Fundamental Orders of Connecticut,
117,● Mayflower Compact,
118,● Iroquois Great Law of Peace,
119,14. Un certain nombre de documents ont influencé la Constitution américaine.,
120,,Nommez-en une.
121,● La Déclaration d’Indépendance,
122,● Les articles de la Confédération,
123,● Les Papiers Fédéralistes,
124,● Les Papiers Anti-fédéralistes,
125,● La Déclaration des droits de l’Etat de Virginie,
126,● Les Ordres fondamentaux du Connecticut,
127,● Le Mayflower Compact,
128,● la Constitution de la Nation Iroquoise,
129,15. There are three branches of government. Why?,
130,● So one part does not become too powerful,
131,● Checks and balances,
132,● Separation of powers,
133,15. Le gouvernement a trois pouvoirs. Pourquoi?,
134,● Pour qu’une partie ne puisse pas détenir trop de pouvoir,
135,● L’équilibre des pouvoirs,
136,● La séparation des pouvoirs,
137,B: System of Government,
138,B: Régime politique,
139,16. Name the three branches of government.,
140,"● Legislative, executive, and judicial",
141,"● Congress, president, and the courts",
142,16. Nommez les trois pouvoirs du gouvernement.,
143,"● Le pouvoir législatif, le pouvoir exécutif et le pouvoir judiciaire",
144,"● Le Congrès, le président et les tribunaux",
145,17. The President of the United States is in charge of which branch of government?,
146,● Executive branch,
147,17. Quel pouvoir est détenu par le président des Etats-Unis?,
148,● Le pouvoir exécutif,
149,18. What part of the federal government writes laws?,
150,● (U.S.) Congress,
151,● (U.S. or national) legislature,
152,● Legislative branch,
153,18. Quelle branche du gouvernement fédéral rédige les lois?,
154,● Le Congrès,
155,● La législature (américaine ou nationale),
156,● Le pouvoir législatif,
157,19. What are the two parts of the U.S. Congress?,
158,● Senate and House (of Representatives),
159,19. Quelles sont les deux parties qui constituent le Congrès américain?,
160,● Le Sénat et la Chambre (des Représentants),
161,20. Name one power of the U.S. Congress. *,
162,● Writes laws,
163,● Declares war,
164,● Makes the federal budget,
165,20. Nommez un pouvoir du Congrès américain. *,
166,● Rédige les lois,
167,● Déclare la guerre,
168,● Établit le budget fédéral,
169,21. How many U.S. senators are there?,
170,● One hundred (100),
171,21. Combien y a-t-il de sénateurs américains?,
172,● Cent (100),
173,22. How long is a term for a U.S. senator?,
174,● Six (6) years,
175,22. Combien de temps dure le mandat d'un sénateur américain?,
176,● Six (6) ans,
177,23. Who is one of your state’s U.S. senators now?,
178,● Answers will vary. [District of Columbia residents and residents of U.S.,
179,,territories should answer that D.C. (or the territory where the applicant lives)
180,,has no U.S. senators.]
181,23. Qui est actuellement l’un des sénateurs américains de votre État?,
182,● Les réponses varieront. [Les résidents du district fédéral de Columbia et les,
183,,résidents des États-Unis doivent répondre que D.C. (ou le territoire où réside
184,,le demandeur) n’a pas de sénateur américain.]
185,24. How many voting members are in the House of Representatives?,
186,● Four hundred thirty-five (435),
187,24. Combien y a-t-il de membres à la Chambre des Représentants?,
188,● Quatre cent trente-cinq (435),
189,25. How long is a term for a member of the House of Representatives?,
190,● Two (2) years,
191,25. Combien de temps dure le mandat d'un membre à la Chambre des,
192,,Représentants?
193,● Deux (2) ans,
194,26. Why do U.S. representatives serve shorter terms than U.S. senators?,
195,● To more closely follow public opinion,
196,26. Pourquoi est-ce que les membres de la Chambre des Représentants ont un,
197,,mandat plus court que celui des sénateurs ?
198,● Pour pouvoir suivre l’opinion publique au plus près,
199,27. How many senators does each state have?,
200,● Two (2),
201,27. Combien y a-t-il de sénateurs dans chaque État?,
202,● Deux (2),
203,28. Why does each state have two senators?,
204,● Equal representation (for small states),
205,● The Great Compromise (Connecticut Compromise),
206,28. Pourquoi chaque État peut envoyer deux sénateurs?,
207,● Représentation équitable (pour les petits États),
208,● le Great Compromise (Compromis du Connecticut),
209,29. Name your U.S. representative.,
210,● Answers will vary. [Residents of territories with nonvoting Delegates or,
211,,Resident Commissioners may provide the name of that Delegate or
212,,Commissioner. Also acceptable is any statement that the territory has no
213,,(voting) representatives in Congress.]
214,29. Nommez votre représentant américain.,
215,● Les réponses varieront. [Les résidents des territoires avec des délégués non,
216,,votants ou des commissaires résidents peuvent indiquer le nom de ce
217,,délégué ou de ce commissaire. Toute déclaration selon laquelle le territoire a
218,,des représentants non (votants) est également acceptable.]
219,30. What is the name of the Speaker of the House of Representatives now? *,
220,● Visit uscis.gov/citizenship/testupdates for the name of the Speaker of the,
221,,House of Representatives.
222,30. Comment s'appelle l'actuel Président de la Chambre des Représentants? *,
223,● Visitez uscis.gov/citizenship/testupdates pour le nom du Président de la,
224,,Chambre des représentants.
225,31. Who does a U.S. senator represent?,
226,● Citizens of their state,
227,● People of their state,
228,31. Qui est représenté par un sénateur américain?,
229,● Les citoyens de son État,
230,● Les habitants de son État,
231,32. Who elects U.S. senators?,
232,● Citizens from their state,
233,32. Qui élit les sénateurs américains?,
234,● Les citoyens de leur État,
235,33. Who does a member of the House of Representatives represent?,
236,● Citizens in their (congressional) district,
237,● Citizens in their district,
238,● People from their (congressional) district,
239,● People in their district,
240,33. Qui est représenté par un membre de la Chambre des Représentants?,
241,● Les citoyens de son district (congressionnel),
242,● Les citoyens de son district,
243,● Les habitants de son district (congressionel),
244,● Les habitants de son district,
245,34. Who elects members of the House of Representatives?,
246,● Citizens from their (congressional) district,
247,34. Qui élit les membres de la Chambre des Représentants?,
248,● Les citoyens de chaque district (congressionnel),
249,35. Some states have more representatives than other states. Why?,
250,● (Because of) the state’s population,
251,● (Because) they have more people,
252,● (Because) some states have more people,
253,35. Pourquoi certains États ont-ils plus de représentants que d'autres?,
254,● (à cause de) la population de l’État,
255,● (parce qu') ils ont plus d'habitants,
256,● (parce que) certains États ont plus d'habitants,
257,36. The President of the United States is elected for how many years? *,
258,● Four (4) years,
259,36. Pour combien d'années élisons-nous un Président ?*,
260,● Quatre (4),
261,37. The President of the United States can serve only two terms. Why?,
262,● (Because of) the 22nd Amendment,
263,● To keep the president from becoming too powerful,
264,37. Le Président des Etats-Unis est autorisé à n'effectuer que deux mandats.,
265,,Pourquoi?
266,● (À cause du) 22ème Amendement,
267,● Pour empêcher le président d’avoir trop de pouvoir,
268,38. What is the name of the President of the United States now? *,
269,● Visit uscis.gov/citizenship/testupdates for the name of the President of the,
270,,United States.
271,38. Comment s'appelle l'actuel Président des États-Unis ?*,
272,● Visitez uscis.gov/citizenship/testupdates pour le nom du président des,
273,,États-Unis
274,39. What is the name of the Vice President of the United States now? *,
275,● Visit uscis.gov/citizenship/testupdates for the name of the Vice President of,
276,,the United States
277,39. Comment s'appelle le Vice-président des États-Unis? *,
278,● Visitez uscis.gov/citizenship/testupdates pour le nom du vice-président des,
279,,États-Unis.
280,"40. If the president can no longer serve, who becomes president?",
281,● The Vice President (of the United States),
282,"40. Si le Président ne peut plus exercer sa fonction, qui devient Président?",
283,● le Vice-président,
284,41. Name one power of the president.,
285,● Signs bills into law,
286,● Vetoes bills,
287,● Enforces laws,
288,● Commander in Chief (of the military),
289,● Chief diplomat,
290,● Appoints federal judges,
291,41. Nommez un pouvoir détenu par le président.,
292,● Promulgue des projets de lois,
293,● Exerce son droit de veto sur des projets de lois,
294,● Fait respecter les lois,
295,● Commandant en chef (de l’armée),
296,● Chef de la diplomatie,
297,● Nommer les juges fédéraux,
298,42. Who is Commander in Chief of the U.S. military?,
299,● The President (of the United States),
300,42. Qui est le Commandant en chef de l'armée?,
301,● Le Président,
302,43. Who signs bills to become laws?,
303,● The President (of the United States),
304,"43. Qui signe les projets de loi, pour qu'ils deviennent des lois?",
305,● Le Président,
306,44. Who vetoes bills? *,
307,● The President (of the United States),
308,44. Qui met son veto aux lois? *,
309,● Le Président,
310,45. Who appoints federal judges?,
311,● The President (of the United States),
312,45. Qui nomme les juges fédéraux?,
313,● Le Président (des États-Unis),
314,46. The executive branch has many parts. Name one.,
315,● President (of the United States),
316,● Cabinet,
317,● Federal departments and agencies,
318,46. L’exécutif a plusieurs composantes. Nommez-en une.,
319,● Le Président (des États-Unis),
320,● Le Cabinet,
321,● Les ministères et organismes fédéraux,
322,47. What does the President’s Cabinet do?,
323,● Advises the President (of the United States),
324,47. Que fait le Cabinet du Président ?,
325,● Conseille le Président,
326,48. What are two Cabinet-level positions?,
327,● Attorney General,
328,● Secretary of Agriculture,
329,● Secretary of Commerce,
330,● Secretary of Defense,
331,● Secretary of Education,
332,● Secretary of Energy,
333,● Secretary of Health and Human Services,
334,● Secretary of Homeland Security,
335,● Secretary of Housing and Urban Development,
336,● Secretary of the Interior,
337,● Secretary of Labor,
338,● Secretary of State,
339,● Secretary of Transportation,
340,● Secretary of the Treasury,
341,● Secretary of Veterans Affairs,
342,● Vice President (of the United States),
343,● Administrator of the Environmental Protection Agency,
344,● Administrator of the Small Business Administration,
345,● Director of the Central Intelligence Agency,
346,● Director of the Office of Management and Budget,
347,● Director of National Intelligence,
348,● United States Trade Representative,
349,48. Quels sont deux postes de niveau ministériel ?,
350,● Secrétaire à l'Agriculture,
351,● Secrétaire au Commerce,
352,● Secrétaire à la Défense,
353,● Secrétaire à l'Éducation,
354,● Secrétaire à l'Énergie,
355,● Secrétaire à la Santé et aux services sociaux,
356,● Secrétaire à la Sécurité intérieure,
357,● Secrétaire au Logement et au développement urbain,
358,● Secrétaire à l'Intérieur,
359,● Secrétaire au Travail,
360,● Secrétaire d'État,
361,● Secrétaire aux Transports,
362,● Secrétaire du Trésor,
363,● Secrétaire aux Affaires des anciens combattants,
364,● Procureur général,
365,● Vice-président,
366,● Administrateur de l'Agence de protection de l'environnement,
367,● Administrateur de la Small Business Administration,
368,● Directeur de la Central Intelligence Agency,
369,● Directeur du Bureau de la gestion et du budget,
370,● Directeur du Renseignement national,
371,● Représentant du Commerce des États-Unis,
372,49. Why is the Electoral College important?,
373,● It decides who is elected president.,
374,● It provides a compromise between the popular election of the president and,
375,,congressional selection.
376,49. Pourquoi le Collège électoral est-il important?,
377,● Il décide qui est élu président.,
378,● Il permet un compromis entre l’élection du président par les citoyens et les,
379,,choix du Congrès.
380,50. What is one part of the judicial branch?,
381,● Supreme Court,
382,● Federal Courts,
383,50. Quelle est la composante du pouvoir judiciaire?,
384,● La Cour suprême,
385,● Le tribunal fédéral,
386,51. What does the judicial branch do?,
387,● Reviews laws,
388,● Explains laws,
389,● Resolves disputes (disagreements) about the law,
390,● Decides if a law goes against the (U.S.) Constitution,
391,51. Quel est le rôle du pouvoir judiciaire?,
392,● révise les lois,
393,● explique les lois,
394,● règle les différends (désaccords) À propos de la loi,
395,● décide si une loi va à l'encontre de la Constitution,
396,52. What is the highest court in the United States? *,
397,● Supreme Court,
398,52. Quelle est la plus haute instance judiciaire aux États-Unis ? *,
399,● la Cour suprême,
400,53. How many seats are on the Supreme Court?,
401,● Nine (9),
402,53. Combien de sièges y a-t-il à la Cour suprême?,
403,● Neuf (9),
404,54. How many Supreme Court justices are usually needed to decide a case?,
405,● Five (5),
406,"54. En général, combien faut-il de juges à la Cour suprême pour statuer sur une",
407,,affaire?
408,● Cinq (5),
409,55. How long do Supreme Court justices serve?,
410,● (For) life,
411,● Lifetime appointment,
412,● (Until) retirement,
413,55. Combien de temps dure le mandat des juges à la Cour suprême?,
414,● (À) vie,
415,● Nomination à vie,
416,● (Jusqu’à) la retraite,
417,56. Supreme Court justices serve for life. Why?,
418,● To be independent (of politics),
419,● To limit outside (political) influence,
420,56. Les juges à la Cour suprême siègent à vie. Pourquoi?,
421,● Pour être indépendants (de la politique),
422,● Pour limiter l’influence (politique) extérieure,
423,57. Who is the Chief Justice of the United States now?,
424,● Visit uscis.gov/citizenship/testupdates for the name of the Chief Justice of the,
425,,United States.
426,"57. Qui est le juge en chef des États-Unis, à l'heure actuelle?",
427,● Visitez uscis.gov/citizenship/testupdates pour le nom du juge en chef des,
428,,États-Unis.
429,58. Name one power that is only for the federal government.,
430,● Print paper money,
431,● Mint coins,
432,● Declare war,
433,● Create an army,
434,● Make treaties,
435,● Set foreign policy,
436,58. Nommez un pouvoir détenu uniquement par le gouvernement fédéral.,
437,● Imprime de l'argent,
438,● Frappe les pièces,
439,● Déclare la guerre,
440,● Crée une armée,
441,● Conclut des traités,
442,● Établit la politique étrangère,
443,59. Name one power that is only for the states.,
444,● Provide schooling and education,
445,● Provide protection (police),
446,● Provide safety (fire departments),
447,● Give a driver’s license,
448,● Approve zoning and land use,
449,59. Nommez un pouvoir détenu uniquement par les États.,
450,● assurer la scolarisation et l'éducation,
451,● assurer la protection (police),
452,● assurer la sécurité (services d'incendie),
453,● accorder un permis de conduire,
454,● approuver le zonage et l'utilisation des terres,
455,60. What is the purpose of the 10th Amendment?,
456,● (It states that the) powers not given to the federal government belong to the,
457,,states or to the people.
458,60. Quel est l'objectif du 10ème amendement?,
459,● (Il précise que) les pouvoirs non octroyés au gouvernement fédéral sont,
460,,réservés aux États ou au peuple.
461,61. Who is the governor of your state now? *,
462,● Answers will vary. [District of Columbia residents should answer that D.C.,
463,,does not have a governor.]
464,"61. Qui est le gouverneur de votre État, à l'heure actuelle? *",
465,● Les réponses varieront. [Les résidents du District de Columbia devraient,
466,,répondre que le District n’a pas de gouverneur.]
467,62. What is the capital of your state?,
468,● Answers will vary. [District of Columbia residents should answer that D.C. is,
469,,not a state and does not have a capital. Residents of U.S. territories should
470,,name the capital of the territory.]
471,62. Quelle est la capitale de votre État?,
472,● Les réponses varieront. [Les habitants du district de Columbia devraient,
473,,"répondre que le District de Columbia n’est pas un État, et n’a pas de capitale."
474,,Les résidents des territoires américains doivent nommer la capitale du
475,,territoire.]
476,C: Rights and Responsibilities,
477,C: Droits et responsabilités,
478,63. There are four amendments to the U.S. Constitution about who can vote.,
479,,Describe one of them.
480,● Citizens eighteen (18) and older (can vote).,
481,● You don’t have to pay (a poll tax) to vote.,
482,● Any citizen can vote. (Women and men can vote.),
483,● A male citizen of any race (can vote).,
484,63. La Constitution contient quatre amendements concernant les personnes,
485,,pouvant voter. Décrivez-en un d'entre eux.
486,● Les citoyens âgés de dix-huit (18) ans et plus (peuvent voter).,
487,● Vous ne devez pas payer (de taxe de vote) pour voter.,
488,● Tout citoyen peut voter. (Les femmes et les hommes peuvent voter.),
489,● Un citoyen masculin d’une quelconque appartenance ethnique (peut voter).,
490,"64. Who can vote in federal elections, run for federal office, and serve on a jury in",
491,,the United States?
492,● Citizens,
493,● Citizens of the United States,
494,● U.S. citizens,
495,"64. Qui peut voter aux élections fédérales, se présenter aux élections du Bureau",
496,,fédéral et siéger en tant que juré aux États-Unis?
497,● Les citoyens,
498,● Les citoyens des États-Unis,
499,● Les citoyens des USA,
500,65. What are three rights of everyone living in the United States?,
501,● Freedom of expression,
502,● Freedom of speech,
503,● Freedom of assembly,
504,● Freedom to petition the government,
505,● Freedom of religion,
506,● The right to bear arms,
507,65. Quels sont les Trois droits dont disposent toutes les personnes résidant aux,
508,,États-Unis?
509,● Liberté d’expression,
510,● Liberté de parole,
511,● Liberté de réunion,
512,● Liberté de présenter des demandes au gouvernement,
513,● Liberté de religion,
514,● Droit au port d’armes,
515,66. What do we show loyalty to when we say the Pledge of Allegiance? *,
516,● The United States,
517,● The flag,
518,66. À qui promettons-nous loyauté lorsque nous faisons le Serment d’allégeance au,
519,,drapeau des États-Unis? *
520,● aux États-Unis,
521,● au drapeau,
522,67. Name two promises that new citizens make in the Oath of Allegiance.,
523,● Give up loyalty to other countries,
524,● Defend the (U.S.) Constitution,
525,● Obey the laws of the United States,
526,● Serve in the military (if needed),
527,"● Serve (help, do important work for) the nation (if needed)",
528,● Be loyal to the United States,
529,67. Nommez deux promesses que font les nouveaux citoyens au Serment,
530,,d’allégeance.
531,● Abandonner toute loyauté à l’égard d’autres pays,
532,● Défendre la (des États-Unis),
533,● Obéir aux lois des États-Unis,
534,● Servir au sein de l’armée des États-Unis (si nécessaire),
535,● Servir (effectuer d’importants travaux pour) la nation (si nécessaire),
536,● Faire preuve de loyauté à l’égard des États-Unis,
537,68. How can people become United States citizens?,
538,"● Be born in the United States, under the conditions set by the 14th",
539,,Amendment
540,● Naturalize,
541,● Derive citizenship (under conditions set by Congress,
542,68. Comment peut-on devenir citoyen américain?,
543,"● Être né aux États-Unis, dans les conditions fixées par le 14e amendement",
544,● Naturalisation,
545,● Acquérir la citoyenneté (selon les conditions fixées par le Congrès),
546,69. What are two examples of civic participation in the United States?,
547,● Vote,
548,● Run for office,
549,● Join a political party,
550,● Help with a campaign,
551,● Join a civic group,
552,● Join a community group,
553,● Give an elected official your opinion (on an issue),
554,● Contact elected officials,
555,● Support or oppose an issue or policy,
556,● Write to a newspaper,
557,69. Quels sont les deux exemples de participation citoyenne aux États-Unis?,
558,● Voter,
559,● Se présenter aux élections,
560,● Rejoindre un parti politique,
561,● Soutenir une campagne,
562,● Rejoindre un groupe civique,
563,● Rejoindre un groupe communautaire,
564,● Donner son opinion à un élu (à propos d’un enjeu),
565,● Contacter des élus,
566,● Soutenir ou s’opposer à un enjeu ou une politique,
567,● Ecrire à un journal,
568,70. What is one way Americans can serve their country?,
569,● Vote,
570,● Pay taxes,
571,● Obey the law,
572,● Serve in the military,
573,● Run for office,
574,"● Work for local, state, or federal government",
575,70. De quelle façon les Américains peuvent-ils servir leur pays?,
576,● En votant,
577,● En payant des taxes,
578,● En obéissant à la loi,
579,● En rejoignant l’armée,
580,● En se présentant aux élections,
581,"● En travaillant pour l’Etat, pour le gouvernement local ou fédéral",
582,71. Why is it important to pay federal taxes?,
583,● Required by law,
584,● All people pay to fund the federal government,
585,● Required by the (U.S.) Constitution (16th Amendment),
586,● Civic duty,
587,71. Pourquoi est-il important de payer des impôts fédéraux ?,
588,● Exigé par la loi,
589,● Tous les citoyens paient pour financer le gouvernement fédéral,
590,● Exigé par les (États-Unis) Constitution (16ème amendement),
591,● Devoir civique,
592,72. It is important for all men age 18 through 25 to register for the Selective Service.,
593,,Name one reason why.
594,● Required by law,
595,● Civic duty,
596,"● Makes the draft fair, if needed",
597,72. Il est important que tous les hommes âgés de 18 à 25 ans s'inscrivent au service,
598,,sélectif. Nommez une raison.
599,● Exigé par la loi,
600,● Devoir civique,
601,"● Rend le projet équitable, si nécessaire",
602,A: Colonial Period and Independence,
603,A : Époque coloniale et Indépendance,
604,73. The colonists came to America for many reasons. Name one.,
605,● Freedom,
606,● Political liberty,
607,● Religious freedom,
608,● Economic opportunity,
609,● Escape persecution,
610,73. Les colons sont arrivés aux Etats-Unis pour plusieurs raisons. Nommez-en une.,
611,● La liberté,
612,● La liberté politique,
613,● La liberté de culte,
614,● Les opportunités économiques,
615,● Pour échapper aux persécutions,
616,74. Who lived in America before the Europeans arrived? *,
617,● American Indians,
618,● Native Americans,
619,74. Qui vivaient en Amérique avant l’arrivée des Européens? *,
620,● Indiens d'Amérique,
621,● Amérindiens,
622,75. What group of people was taken and sold as slaves?,
623,● Africans,
624,● People from Africa,
625,75. Quel groupe de personnes ont été emmenées en Amérique pour y être vendues,
626,,en tant qu’esclaves?
627,● Africains,
628,● Personnes provenant d’Afrique,
629,76. What war did the Americans fight to win independence from Britain?,
630,● American Revolution,
631,● The (American) Revolutionary War,
632,● War for (American) Independence,
633,76. Quelle guerre ont combattu les Américains pour obtenir leur indépendance face,
634,,aux Britanniques?
635,● La Révolution américaine,
636,● La Guerre d’Indépendance (américaine),
637,● La guerre pour l’Indépendance américaine,
638,77. Name one reason why the Americans declared independence from Britain.,
639,● High taxes,
640,● Taxation without representation,
641,"● British soldiers stayed in Americans’ houses (boarding, quartering)",
642,● They did not have self-government,
643,● Boston Massacre,
644,● Boston Tea Party (Tea Act),
645,● Stamp Act,
646,● Sugar Act,
647,● Townshend Acts,
648,● Intolerable (Coercive) Acts,
649,77. Donnez une raison pour laquelle les Américains ont déclaré leur indépendance,
650,,face aux Britanniques.
651,● Taxes très élevées,
652,● Taxation sans représentation,
653,● Les soldats britanniques restaient dans les maisons des Américains,
654,,"(embarquement, casernement)"
655,● Ils n’avaient pas de gouvernement autonome,
656,● Le Massacre de Boston,
657,● La Boston Tea Party (Tea Act),
658,● Le Stamp Act,
659,● Le Sugar Act,
660,● Les Townshend Acts,
661,● Les Actes Intolérables,
662,78. Who wrote the Declaration of Independence? *,
663,● (Thomas) Jefferson,
664,78. Qui a rédigé la Déclaration d’Indépendance? *,
665,● (Thomas) Jefferson,
666,79. When was the Declaration of Independence adopted?,
667,"● July 4, 1776",
668,79. Quand la Déclaration d’Indépendance a-t-elle été adoptée?,
669,● 4 juillet 1776,
670,80. The American Revolution had many important events. Name one.,
671,● (Battle of) Bunker Hill,
672,● Declaration of Independence,
673,● Washington Crossing the Delaware (Battle of Trenton),
674,● (Battle of) Saratoga,
675,● Valley Forge (Encampment),
676,● (Battle of) Yorktown (British surrender at Yorktown),
677,80. La Révolution américaine a connu de nombreux événements importants.,
678,,Nommez-en un.
679,● (Bataille de) Bunker Hill,
680,● Déclaration d’indépendance,
681,● Washington traversant le Delaware (bataille de Trenton),
682,● (bataille de) Saratoga,
683,● Valley Forge (campement),
684,● (bataille de) Yorktown (capitulation britannique à Yorktown),
685,81. There were 13 original states. Name five.,
686,● New Hampshire,
687,● Massachusetts,
688,● Rhode Island,
689,● Connecticut,
690,● New York,
691,● New Jersey,
692,● Pennsylvania,
693,● Delaware,
694,● Maryland,
695,● Virginia,
696,● North Carolina,
697,● South Carolina,
698,● Georgia,
699,81. On comptait 13 États à l’origine. Citez-en cinq.,
700,● New Hampshire,
701,● Massachusetts,
702,● Rhode Island,
703,● Connecticut,
704,● New York,
705,● New Jersey,
706,● Pennsylvanie,
707,● Delaware,
708,● Maryland,
709,● Virginie,
710,● Caroline du Nord,
711,● Caroline du Sud,
712,● Géorgie,
713,82. What founding document was written in 1787?,
714,● (U.S.) Constitution,
715,82. Quel document fondateur a été rédigé en 1787?,
716,● Constitution (des États-Unis),
717,83. The Federalist Papers supported the passage of the U.S. Constitution. Name,
718,,one of the writers.
719,● (James) Madison,
720,● (Alexander) Hamilton,
721,● (John) Jay,
722,● Publius,
723,83. Le Fédéraliste (Federalist Papers) a soutenu le passage à la Convention des,
724,,États-Unis. Citez un des auteurs.
725,● (James) Madison,
726,● (Alexander) Hamilton,
727,● (John) Jay,
728,● Publius,
729,84. Why were the Federalist Papers important?,
730,● They helped people understand the (U.S.) Constitution.,
731,● They supported passing the (U.S.) Constitution.,
732,84. Pourquoi les Papiers fédéralistes étaient-ils importants?,
733,● Ils ont aidé les gens à comprendre Constitution (des États-Unis).,
734,● Ils ont aidé à l'adoption de la Constitution (des États-Unis).,
735,85. Benjamin Franklin is famous for many things. Name one.,
736,● Founded the first free public libraries,
737,● First Postmaster General of the United States,
738,● Helped write the Declaration of Independence,
739,● Inventor,
740,● U.S. diplomat,
741,85. Benjamin Franklin est célèbre pour beaucoup de choses. Nommez-en un.,
742,● Création des premières bibliothèques publiques gratuites,
743,● Premier maître général des Postes des États-Unis,
744,● Aide à la rédaction de la Déclaration d’indépendance,
745,● Inventeur,
746,● Diplomate américain,
747,86. George Washington is famous for many things. Name one. *,
748,● “Father of Our Country”,
749,● First president of the United States,
750,● General of the Continental Army,
751,● President of the Constitutional Convention,
752,86. George Washington est célèbre pour beaucoup de choses. Nommez-en un. *,
753,● “Père de notre pays”,
754,● Premier président des États-Unis,
755,● Général de l’Armée continentale,
756,● Président de la Convention constitutionnelle,
757,87. Thomas Jefferson is famous for many things. Name one.,
758,● Writer of the Declaration of Independence,
759,● Third president of the United States,
760,● Doubled the size of the United States (Louisiana Purchase),
761,● First Secretary of State,
762,● Founded the University of Virginia,
763,● Writer of the Virginia Statute on Religious Freedom,
764,87. Thomas Jefferson est célèbre pour beaucoup de choses. Nommez-en un.,
765,● Rédacteur de la Déclaration d’indépendance,
766,● Troisième président des États-Unis,
767,● A doublé la taille des États-Unis (achat de la Louisiane),
768,● Premier Secrétaire d’État,
769,● A fondé l’Université de Virginie,
770,● Rédacteur du Virginia Statute on Religious Freedom,
771,88. James Madison is famous for many things. Name one.,
772,● “Father of the Constitution”,
773,● Fourth president of the United States,
774,● President during the War of 1812,
775,● One of the writers of the Federalist Papers,
776,88. James Madison est célèbre pour beaucoup de choses. Nommez-en un.,
777,● “Père de la Constitution”,
778,● Quatrième Président des États-Unis,
779,● Président pendant la guerre de 1812,
780,● Un des auteurs des Papiers Fédéralistes,
781,89. Alexander Hamilton is famous for many things. Name one.,
782,● First Secretary of the Treasury,
783,● One of the writers of the Federalist Papers,
784,● Helped establish the First Bank of the United States,
785,● Aide to General George Washington,
786,● Member of the Continental Congress,
787,89. Alexander Hamilton est célèbre pour beaucoup de choses. Nommez-en un.,
788,● Premier secrétaire du Trésor,
789,● Un des auteurs des Papiers Fédéralistes,
790,● Aide à la création de la First Bank of the United States,
791,● Aide au général George Washington,
792,● Membre du Congrès continental,
793,B: 1800s,
794,B: XIXème siècle,
795,90. What territory did the United States buy from France in 1803?,
796,● Louisiana Territory,
797,● Louisiana,
798,90. Quel est le territoire que les États-Unis ont acquis auprès de la France en 1803?,
799,● Territoire de la Louisiane,
800,● Louisiane,
801,91. Name one war fought by the United States in the 1800s.,
802,● War of 1812,
803,● Mexican-American War,
804,● Civil War,
805,● Spanish-American War,
806,91. Citez une guerre menée par les États-Unis au cours du XIXème siècle.,
807,● Guerre de 1812,
808,● Guerre américano-mexicaine,
809,● Guerre de Sécession,
810,● Guerre hispano-américaine,
811,92. Name the U.S. war between the North and the South.,
812,● The Civil War,
813,92. Citez le nom de la guerre qui a éclaté aux États-Unis entre le Nord et le Sud.,
814,● Guerre de Sécession,
815,93. The Civil War had many important events. Name one.,
816,● (Battle of) Fort Sumter,
817,● Emancipation Proclamation,
818,● (Battle of) Vicksburg,
819,● (Battle of) Gettysburg,
820,● Sherman’s March,
821,● (Surrender at) Appomattox,
822,● (Battle of) Antietam/Sharpsburg,
823,● Lincoln was assassinated.,
824,93. La guerre civile a connu de nombreux événements importants. Nommez-en un.,
825,● (Bataille de) Fort Sumter,
826,● Proclamation d’émancipation,
827,● (bataille de) Vicksburg,
828,● (bataille de) Gettysburg,
829,● Marche de Sherman,
830,● (reddition à) Appomattox,
831,● (bataille de) Antietam/Sharpsburg,
832,● Lincoln a été assassiné.,
833,94. Abraham Lincoln is famous for many things. Name one. *,
834,● Freed the slaves (Emancipation Proclamation),
835,● Saved (or preserved) the Union,
836,● Led the United States during the Civil War,
837,● 16th president of the United States,
838,● Delivered the Gettysburg Address,
839,94. Abraham Lincoln est célèbre pour beaucoup de choses. Nommez-en une. *,
840,● Libération des esclaves (Proclamation d’émancipation),
841,● Sauvegarde (ou préservation) de l’Union,
842,● A conduit les États-Unis pendant la guerre civile,
843,● 16e président des États-Unis,
844,● A prononcé le discours de Gettysburg,
845,95. What did the Emancipation Proclamation do?,
846,● Freed the slaves,
847,● Freed slaves in the Confederacy,
848,● Freed slaves in the Confederate states,
849,● Freed slaves in most Southern states,
850,95. Qu’est-ce que la Proclamation d’émancipation a-t-elle permis?,
851,● Libération des esclaves,
852,● Libération des esclaves au sein de la Confédération,
853,● Libération des esclaves au sein des États confédérés,
854,● Libération des esclaves au sein de la plupart des États du Sud,
855,96. What U.S. war ended slavery?,
856,● The Civil War,
857,96. Quelle guerre américaine a mis fin à l’esclavage?,
858,● La guerre civile,
859,"97. What amendment says all persons born or naturalized in the United States, and",
860,,"subject to the jurisdiction thereof, are U.S. citizens?"
861,● 14th Amendment,
862,97. Quel amendement stipule que toutes les personnes nées ou naturalisées aux,
863,,"États-Unis, et soumises à leur juridiction, sont des citoyens des États-Unis ?"
864,● 14ème amendement,
865,98. When did all men get the right to vote?,
866,● After the Civil War,
867,● During Reconstruction,
868,● (With the) 15th Amendment,
869,● 1870,
870,98. Quand est-ce que tous les hommes ont obtenu le droit de vote?,
871,● Après la guerre civile,
872,● Pendant la reconstruction,
873,● (avec le) 15e amendement,
874,● 1870,
875,99. Name one leader of the women’s rights movement in the 1800s.,
876,● Susan B. Anthony,
877,● Elizabeth Cady Stanton,
878,● Sojourner Truth,
879,● Harriet Tubman,
880,● Lucretia Mott,
881,● Lucy Stone,
882,99. Nommez une dirigeante du mouvement des droits des femmes dans les années,
883,,1800
884,● Susan B. Anthony,
885,● Elizabeth Cady Stanton,
886,● Sojourner Truth,
887,● Harriet Tubman,
888,● Lucretia Mott,
889,● Lucy Stone,
890,C: Recent American History and Other Important Historical Information,
891,C: Histoire américaine moderne et autres données historiques importantes,
892,100. Name one war fought by the United States in the 1900s.,
893,● World War I,
894,● World War II,
895,● Korean War,
896,● Vietnam War,
897,● (Persian) Gulf War,
898,100. Citez une guerre à laquelle les États-Unis ont participé au XXème siècle,
899,● Première Guerre Mondiale,
900,● Seconde Guerre Mondiale,
901,● Guerre de Corée,
902,● Guerre du Vietnam,
903,● Guerre du Golfe (persique),
904,101. Why did the United States enter World War I?,
905,● Because Germany attacked U.S. (civilian) ships,
906,"● To support the Allied Powers (England, France, Italy, and Russia)",
907,"● To oppose the Central Powers (Germany, Austria-Hungary, the Ottoman",
908,,"Empire, and Bulgaria)"
909,101. Pourquoi les États-Unis ont-ils joint la Première Guerre mondiale?,
910,● Parce que l’Allemagne a attaqué des navires américains (civils),
911,"● Pour soutenir les puissances alliées (Angleterre, France, Italie et Russie)",
912,"● Pour s’opposer aux puissances centrales (Allemagne, Autriche-Hongrie,",
913,,Empire ottoman et Bulgarie)
914,102. When did all women get the right to vote?,
915,● 1920,
916,● After World War I,
917,● (With the) 19th Amendment,
918,102. Quand est-ce que toutes les femmes ont obtenu le droit de vote ?,
919,● 1920,
920,● Après la Première Guerre mondiale,
921,● (avec le) 19e amendement,
922,103. What was the Great Depression?,
923,● Longest economic recession in modern history,
924,103. Qu’est-ce que la Grande Dépression?,
925,● La plus longue récession économique de l’histoire moderne,
926,104. When did the Great Depression start?,
927,● The Great Crash (1929),
928,● Stock market crash of 1929,
929,104. Quand la Grande Dépression a-t-elle commencé ?,
930,● Le grand Crash (1929),
931,● Crise boursière de 1929,
932,105. Who was president during the Great Depression and World War II?,
933,● (Franklin) Roosevelt,
934,105. Qui était Président au cours de la Grande Dépression et de la Seconde Guerre,
935,,Mondiale?
936,● (Franklin) Roosevelt,
937,106. Why did the United States enter World War II?,
938,● (Bombing of) Pearl Harbor,
939,● Japanese attacked Pearl Harbor,
940,"● To support the Allied Powers (England, France, and Russia)",
941,"● To oppose the Axis Powers (Germany, Italy, and Japan)",
942,106. Pourquoi les États-Unis ont-ils joint la Seconde Guerre mondiale?,
943,● (Bombardement de) Pearl Harbor,
944,● Les Japonais ont attaqué Pearl Harbor,
945,"● Pour soutenir les puissances alliées (Angleterre, France et Russie)",
946,"● Pour s’opposer aux puissances de l’Axe (Allemagne, Italie et Japon)",
947,107. Dwight Eisenhower is famous for many things. Name one.,
948,● General during World War II,
949,● President at the end of (during) the Korean War,
950,● 34th president of the United States,
951,● Signed the Federal-Aid Highway Act of 1956 (Created the Interstate System),
952,107. Dwight Eisenhower est célèbre pour beaucoup de choses. Nommez-en une.,
953,● Général pendant la Seconde Guerre mondiale,
954,● Président à la fin de (pendant) la guerre de Corée,
955,● 34e président des États-Unis,
956,● Signature de la Federal-Aid Highway Act de 1956 (création du réseau,
957,,interétatique)
958,108. Who was the United States’ main rival during the Cold War?,
959,● Soviet Union,
960,● USSR,
961,● Russia,
962,108. Qui était le principal rival des États-Unis pendant la guerre froide?,
963,● Union soviétique,
964,● URSS,
965,● Russie,
966,"109. During the Cold War, what was one main concern of the United States?",
967,● Communism,
968,● Nuclear war,
969,"109. Pendant la guerre froide, quelle était l’une des principales préoccupations des",
970,,États-Unis?
971,● Communisme,
972,● Guerre nucléaire,
973,110. Why did the United States enter the Korean War?,
974,● To stop the spread of communism,
975,110. Pourquoi les États-Unis ont-ils joint la guerre de Corée?,
976,● Arrêter la propagation du communisme,
977,111. Why did the United States enter the Vietnam War?,
978,● To stop the spread of communism,
979,111. Pourquoi les États-Unis ont-ils participé à la guerre du Vietnam?,
980,● Arrêter la propagation du communisme,
981,112. What did the civil rights movement do?,
982,● Fought to end racial discrimination,
983,112. Qu’a fait le mouvement des droits civils?,
984,● A lutté pour mettre fin à la discrimination raciale,
985,"113. Martin Luther King, Jr. is famous for many things. Name one. *",
986,● Fought for civil rights,
987,● Worked for equality for all Americans,
988,"● Worked to ensure that people would “not be judged by the color of their skin,",
989,,but by the content of their character”
990,"113. Martin Luther King, Jr. est célèbre pour de nombreuses raisons. Nommez-en",
991,,une. *
992,● Lutte pour les droits civils,
993,● A œuvré pour l'égalité de tous les Américains,
994,"● S'est efforcé de faire en sorte que les gens ""ne soient pas jugés sur la couleur",
995,,"de leur peau, mais sur le contenu de leur caractère"""
996,114. Why did the United States enter the Persian Gulf War?,
997,● To force the Iraqi military from Kuwait,
998,114. Pourquoi les États-Unis ont-ils joint dans la guerre du golfe Persique?,
999,● Forcer l’armée irakienne à quitter le Koweït,
1000,"115. What major event happened on September 11, 2001 in the United States? *",
1001,● Terrorists attacked the United States,
1002,● Terrorists took over two planes and crashed them into the World Trade,
1003,,Center in New York City
1004,"● Terrorists took over a plane and crashed into the Pentagon in Arlington,",
1005,,Virginia
1006,"● Terrorists took over a plane originally aimed at Washington, D.C., and",
1007,,crashed in a field in Pennsylvania
1008,115. Quel important événement s’est produit le 11 septembre 2001 aux,
1009,,États-Unis?*
1010,● Attaque terroriste aux États-Unis.,
1011,● Des terroristes ont pris deux avions et les ont fait s'écraser sur le World,
1012,,Trade Center de New York
1013,● Des terroristes ont pris un avion et l'ont fait s'écraser sur le Pentagone à,
1014,,"Arlington, en Virginie"
1015,"● Des terroristes ont pris un avion se dirigeant à l’origine vers Washington,",
1016,,"D.C., et l'ont fait s'écraser dans un champ en Pennsylvanie"
1017,"116. Name one U.S. military conflict after the September 11, 2001 attacks.",
1018,● (Global) War on Terror,
1019,● War in Afghanistan,
1020,● War in Iraq,
1021,116. Nommez un conflit militaire américain après les attentats du 11 septembre,
1022,,2001
1023,● La guerre (mondiale) contre le terrorisme,
1024,● Guerre en Afghanistan,
1025,● Guerre en Irak,
1026,117. Name one American Indian tribe in the United States.,
1027,● Apache,
1028,● Blackfeet,
1029,● Cayuga,
1030,● Cherokee,
1031,● Cheyenne,
1032,● Chippewa,
1033,● Choctaw,
1034,● Creek,
1035,● Crow,
1036,● Hopi,
1037,● Huron,
1038,● Inupiat,
1039,● Lakota,
1040,● Mohawk,
1041,● Mohegan,
1042,● Navajo,
1043,● Oneida,
1044,● Onondaga,
1045,● Pueblo,
1046,● Seminole,
1047,● Seneca,
1048,● Shawnee,
1049,● Sioux,
1050,● Teton,
1051,● Tuscarora,
1052,,"For a complete list of tribes, please visit bia.gov."
1053,117. Citez une tribu d’Amérindiens aux États-Unis.,
1054,● Apache,
1055,● Blackfeet,
1056,● Cayuga,
1057,● Cherokee,
1058,● Cheyenne,
1059,● Chippewa,
1060,● Choctaw,
1061,● Creek,
1062,● Crow,
1063,● Hopi,
1064,● Huron,
1065,● Inupiat,
1066,● Lakota,
1067,● Mohawk,
1068,● Mohegan,
1069,● Navajo,
1070,● Oneida,
1071,● Onondaga,
1072,● Pueblo,
1073,● Seminole,
1074,● Seneca,
1075,● Shawnee,
1076,● Sioux,
1077,● Teton,
1078,● Tuscarora,
1079,,"Pour une liste complète des tribus, veuillez visiter bia.gov."
1080,118. Name one example of an American innovation.,
1081,● Light bulb,
1082,"● Automobile (cars, combustible engine)",
1083,● Skyscrapers,
1084,● Airplane,
1085,● Assembly line,
1086,● Landing on the moon,
1087,● Integrated circuit (IC),
1088,118. Nommez un exemple d’innovation américaine.,
1089,● Ampoule,
1090,"● Automobile (voitures, moteur combustible)",
1091,● Gratte-ciel,
1092,● Avion,
1093,● Chaîne d'assemblage,
1094,● Atterrissage sur la Lune,
1095,● Circuit intégré (IC),
1096,,Symbols and holidays
1097,A: Symbols,
1098,,Symboles et Congés
1099,A: Symboles,
1100,119. What is the capital of the United States?,
1101,"● Washington, D.C.",
1102,119. Quelle est la capitale des États-Unis d’Amérique ?,
1103,"● Washington, D.C.",
1104,120. Where is the Statue of Liberty?,
1105,● New York (Harbor),
1106,"● Liberty Island [Also acceptable are New Jersey, near New York City, and on",
1107,,the Hudson (River).]
1108,120. Où se trouve la Statue de la Liberté ?,
1109,● New York (port),
1110,"● Liberty Island [Il est aussi possible de citer ce qui suit : État du New Jersey, à",
1111,,proximité de New York et la rivière Hudson).]
1112,121. Why does the flag have 13 stripes? *,
1113,● (Because there were) 13 original colonies,
1114,● (Because the stripes) represent the original colonies,
1115,121. Pourquoi le drapeau compte-t-il 13 bandes? *,
1116,● Car il y avait 13 colonies originales,
1117,● Car les bandes représentent les colonies originales,
1118,122. Why does the flag have 50 stars?,
1119,● (Because there is) one star for each state,
1120,● (Because) each star represents a state,
1121,● (Because there are) 50 states,
1122,122. Pourquoi le drapeau présente-t-il 50 étoiles?,
1123,● Une étoile pour chaque État,
1124,● Chaque étoile représente un État,
1125,● On compte 50 États,
1126,123. What is the name of the national anthem?,
1127,● The Star-Spangled Banner,
1128,123. Quel est le nom de l’hymne national ?,
1129,● The Star-Spangled Banner (La bannière étoilée),
1130,124. The Nation’s first motto was “E Pluribus Unum.” What does that mean?,
1131,"● Out of many, one",
1132,● We all become one,
1133,124. La première devise de la Nation était « E Pluribus Unum » Qu’est-ce que cela,
1134,,signifie?
1135,● un seul à partir,
1136,● de plusieurs,
1137,B: Holidays,
1138,B: Congés,
1139,125. What is Independence Day?,
1140,● A holiday to celebrate U.S. independence (from Britain),
1141,● The country’s birthday,
1142,125. Qu'est-ce que le jour de l'Indépendance?,
1143,● Un jour férié pour célébrer l’indépendance des États-Unis (de la,
1144,,Grande-Bretagne)
1145,● L'anniversaire du pays,
1146,126. Name three national U.S. holidays. *,
1147,● New Year’s Day,
1148,"● Martin Luther King, Jr. Day",
1149,● Presidents Day (Washington’s Birthday),
1150,● Memorial Day,
1151,● Independence Day,
1152,● Labor Day,
1153,● Columbus Day,
1154,● Veterans Day,
1155,● Thanksgiving Day,
1156,● Christmas Day,
1157,126. Citez Trois jours fériés nationaux aux États-Unis.*,
1158,● Nouvel an,
1159,"● Jour de Martin Luther King, Jr. Jour",
1160,● Jour du Président,
1161,● Jour commémoratif,
1162,● Jour de l’Indépendance,
1163,● Fête du travail,
1164,● Jour de Colomb,
1165,● Jour des vétérans,
1166,● Thanksgiving,
1167,● Noël,
1168,127. What is Memorial Day?,
1169,● A holiday to honor soldiers who died in military service,
1170,127. Qu'est-ce que le Jour du Souvenir (Memorial Day)?,
1171,● Une fête en l’honneur des soldats qui sont morts pendant leur service,
1172,,militaire
1173,128. What is Veterans Day?,
1174,● A holiday to honor people in the (U.S.) military,
1175,● A holiday to honor people who have served (in the U.S. military),
1176,128. Qu’est-ce que la Journée des anciens combattants (Veteran's Day)?,
1177,● Une fête en l’honneur des militaires des États-Unis,
1178,● Une fête en l’honneur des personnes qui ont servi (dans l’armée américaine),