Index,Category,SubCategory,Questions,Answers,rationale,Wrong
1,CHÍNH QUYỀN HOA KỲ,Nguyên tắc của chính phủ,Các hình thức của chính phủ Hoa Kỳ là gì?,"Cộng Hòa, Cộng Hòa liên bang dựa trên Hiến Pháp, Dân Chủ đại diện","Bối cảnh: Hoa Kỳ hoạt động theo một hệ thống được thiết kế để ngăn chặn bất kỳ thực thể đơn lẻ nào giành được quá nhiều quyền lực. Giải thích: Chính phủ Hoa Kỳ là một nước cộng hòa, nghĩa là công dân bầu ra đại diện. Đây cũng là một nước cộng hòa liên bang dựa trên hiến pháp, được hướng dẫn bởi một hiến pháp bằng văn bản và chia sẻ quyền lực giữa chính phủ liên bang và tiểu bang. Cuối cùng, đây là một nền dân chủ đại diện, nơi người dân bỏ phiếu cho các cá nhân để đưa ra quyết định thay mặt họ.","Chế độ quân chủ, Chế độ độc tài cộng sản, Chế độ quân chủ chuyên chế
Nền dân chủ trực tiếp, Chế độ đầu sỏ, Thần quyền
Hệ thống nghị viện, Cộng hòa xã hội chủ nghĩa, Nhà nước độc tài toàn trị"
2,CHÍNH QUYỀN HOA KỲ,Nguyên tắc của chính phủ,Bộ luật tối cao của quốc gia là gì? *,Hiến pháp,"Hiến pháp Hoa Kỳ là luật tối cao của Hoa Kỳ. Đây là văn kiện nền tảng thiết lập khuôn khổ cho chính phủ liên bang và đảm bảo quyền của công dân. Tất cả các luật khác, dù là địa phương, tiểu bang hay liên bang, đều phải tuân thủ Hiến pháp. Nó đã thay thế Điều khoản Hợp bang và được ký tại Philadelphia bởi các đại biểu của Hội nghị Lập hiến vào năm 1787.","Tuyên ngôn
Quốc hội
Tổng thống"
3,CHÍNH QUYỀN HOA KỲ,Nguyên tắc của chính phủ,Kể tên một điều mà Hiến Pháp Hoa Kỳ thực hiện.,"Thiết lập Chính phủ, Mô tả quyền hạn Chính phủ, Mô tả tổ chức Chính phủ, Bảo vệ những quyền cơ bản của người dân Hoa Kỳ",Hiến pháp Hoa Kỳ là luật tối cao của Hợp chúng quốc Hoa Kỳ. Nó thiết lập khuôn khổ cho chính phủ liên bang và đảm bảo các quyền của công dân. Các câu trả lời đơn giản hóa: - Nó tạo ra cấu trúc của chính phủ. - Nó phác thảo những gì chính phủ có thể và không thể làm. - Nó xác định các nhánh khác nhau của chính phủ. - Nó bảo vệ các quyền tự do và quyền cá nhân.,"Bầu cử Tổng thống, Tuyên bố chiến tranh, Kiểm soát tất cả các luật tiểu bang
In tiền, Bổ nhiệm thẩm phán liên bang, Ân xá
Xây dựng đường sá, Thành lập trường học, Thu tất cả các loại thuế"
4,CHÍNH QUYỀN HOA KỲ,Nguyên tắc của chính phủ,"Hiến Pháp Hoa Kỳ được bắt đầu bằng các từ """"Chúng tôi, nhân dân."""" """"Chúng tôi,","Tự quản, Chủ quyền phổ biến, Sự ưng thuận của nhân dân, Người dân nên tự quản lý, (Ví dụ về) khế ước xã hội","""Chúng tôi, nhân dân"" thể hiện ý tưởng rằng quyền lực của chính phủ đến từ công dân. Khái niệm này là nền tảng của nền dân chủ Mỹ, có nghĩa là chính người dân có quyền tự quản, và chính phủ chỉ tồn tại với sự cho phép của họ.","Giám sát của chính phủ, Sắc lệnh tổng thống, Đánh giá tư pháp
Quyền hành pháp, Quyền lập pháp, Chủ quyền tiểu bang, Người dân bị điều chỉnh bởi luật pháp
Ủy quyền liên bang, Sửa đổi hiến pháp, Phán quyết của Tòa án tối cao, (Ví dụ về) kiểm tra và cân bằng"
5,CHÍNH QUYỀN HOA KỲ,Nguyên tắc của chính phủ,Hiến pháp Hoa Kỳ được thay đổi như thế nào?,"Tu chánh án, Quy trình tu chính","Hiến pháp Hoa Kỳ có thể được thay đổi thông qua một quy trình sửa đổi chính thức. Điều này liên quan đến việc đề xuất bởi hai phần ba số phiếu của cả Hạ viện và Thượng viện hoặc bởi một hội nghị quốc gia được triệu tập bởi hai phần ba số cơ quan lập pháp tiểu bang. Sau khi được đề xuất, một sửa đổi phải được ba phần tư số tiểu bang phê chuẩn, thông qua cơ quan lập pháp của họ hoặc bởi các hội nghị. Quy trình nghiêm ngặt này được các Tổ phụ Sáng lập thiết kế để đảm bảo rằng Hiến pháp không dễ dàng bị thay đổi.","Lệnh hành pháp, Sắc lệnh tổng thống
Quyết định của Tòa án tối cao, Đánh giá tư pháp
Nghị quyết của Quốc hội, Đạo luật lập pháp"
6,CHÍNH QUYỀN HOA KỲ,Nguyên tắc của chính phủ,Tuyên ngôn Nhân quyền Hoa Kỳ bảo vệ điều gì?,"Các quyền (cơ bản) của công dân Hoa Kỳ, Các quyền (cơ bản) của những người sống ở Hoa Kỳ","Bản Tuyên ngôn Nhân quyền là mười sửa đổi đầu tiên của Hiến pháp Hoa Kỳ. Nó đảm bảo các quyền thiết yếu và quyền tự do dân sự cho các cá nhân, bảo vệ họ khỏi sự lạm dụng quyền lực của chính phủ. Câu trả lời chỉ ra rằng nó bảo vệ các quyền cơ bản của tất cả những người cư trú tại Hoa Kỳ.","(Các) nghĩa vụ (cơ bản) của công dân, (Các) trách nhiệm (cơ bản) của những người sống ở Hoa Kỳ
(Các) quyền hạn (cơ bản) của Tổng thống, (Các) quyền hạn (cơ bản) của chính phủ
(Các) luật (cơ bản) của đất nước, (Các) quy tắc (cơ bản) cho quân đội"
7,CHÍNH QUYỀN HOA KỲ,Nguyên tắc của chính phủ,Hiến pháp có bao nhiêu tu chính án? *,hai mươi bảy (27),"Hiến pháp Hoa Kỳ hiện có 27 sửa đổi. Những sửa đổi này là những thay đổi hoặc bổ sung cho văn bản gốc của Hiến pháp, được thiết kế để điều chỉnh chính phủ phù hợp với thời đại và giá trị đang thay đổi, đồng thời bảo tồn các nguyên tắc cốt lõi của nó. Mười sửa đổi đầu tiên được gọi chung là Tuyên ngôn Nhân quyền, đảm bảo các quyền tự do cá nhân cơ bản.","Hai mươi mốt (21)
Ba mươi ba (33)
Mười sáu (16)"
8,CHÍNH QUYỀN HOA KỲ,Nguyên tắc của chính phủ,Tại sao Tuyên ngôn Độc lập lại quan trọng?,"Nó xác định rằng Hoa Kỳ thoát khỏi sự kiểm soát của Anh Quốc., Nó chỉ ra tất cả mọi người đều sinh ra có quyền bình đẳng., Nó xác định các quyền vốn có., Nó xác định các quyền tự do cá nhân","Tuyên ngôn Độc lập là một văn kiện nền tảng của Hợp chủng quốc Hoa Kỳ. Nó tuyên bố các thuộc địa của Mỹ thoát khỏi sự cai trị của Anh, khẳng định rằng tất cả mọi người sinh ra đều bình đẳng với các quyền vốn có và phác thảo các quyền tự do cá nhân mà quốc gia mới sẽ bảo vệ.","Nó nói rằng Mỹ là một siêu cường toàn cầu., Nó nói tất cả mọi người phải đóng thuế., Nó xác định quyền hạn của chính phủ., Nó xác định trách nhiệm tập thể.
Nó nói Mỹ đã khám phá ra những vùng đất mới., Nó nói tất cả mọi người phải phục vụ trong quân đội., Nó xác định lợi thế kinh tế., Nó xác định thành tựu quốc gia.
Nó nói Mỹ là quốc gia mạnh nhất., Nó nói tất cả mọi người được bảo vệ khỏi sự tấn công của nước ngoài., Nó xác định các chiến lược quân sự., Nó xác định các kế hoạch phòng thủ quốc gia."
9,CHÍNH QUYỀN HOA KỲ,Nguyên tắc của chính phủ,Văn kiện thành lập nào cho biết các thuộc địa của Hoa Kỳ đã thoát khỏi Anh Quốc?,Tuyên ngôn Độc lập,"Bản Tuyên ngôn Độc lập là tài liệu thành lập của Hợp chủng quốc Hoa Kỳ, được thông qua vào ngày 4 tháng 7 năm 1776. Nó công bố và giải thích sự tách rời của các thuộc địa Mỹ khỏi Vương quốc Anh, tuyên bố rằng họ độc lập và tự do. Mục đích của nó là tập hợp những người thuộc địa, giành được các đồng minh nước ngoài và chính thức tuyên bố thành lập một quốc gia mới sau khi Chiến tranh Cách mạng Mỹ bắt đầu vào tháng 4 năm 1775.","Các Điều khoản Hợp bang
Hiến pháp Hợp chủng quốc Hoa Kỳ
Tuyên ngôn Nhân quyền"
10,CHÍNH QUYỀN HOA KỲ,Nguyên tắc của chính phủ,Kể tên hai ý tưởng quan trọng trong Tuyên ngôn Độc lập và Hiến pháp Hoa Kỳ.,"Bình đẳng, Tự do, Khế ước xã hội, Quyền căn bản tự nhiên, Nhà nước có quyền lực hạn chế, Tự quản","Những ý tưởng này là nền tảng của Tuyên ngôn Độc lập và Hiến pháp Hoa Kỳ, định hình hệ thống chính phủ Mỹ.  * Bình đẳng: Mọi cá nhân sinh ra đều bình đẳng và có các quyền như nhau.
  * Tự do: Tự do khỏi chính phủ áp bức và quyền đưa ra lựa chọn của riêng mình.
  * Khế ước xã hội: Ý tưởng rằng quyền lực của chính phủ đến từ sự đồng thuận của người dân.
  * Quyền tự nhiên: Các quyền vốn có ở tất cả mọi người, như quyền được sống, quyền tự do và quyền sở hữu tài sản (hoặc quyền mưu cầu hạnh phúc).
  * Chính phủ hạn chế: Quyền lực của chính phủ bị giới hạn bởi luật pháp để bảo vệ các quyền tự do cá nhân.
  * Tự quản: Người dân tự cai trị thông qua các đại diện được bầu.","Chủ nghĩa Cộng sản, Chế độ độc tài, Chế độ quân chủ
Chủ nghĩa toàn trị, Vô chính phủ, Chế độ phong kiến
Chủ nghĩa xã hội, Chế độ đầu sỏ, Chế độ thần quyền"
11,CHÍNH QUYỀN HOA KỲ,Nguyên tắc của chính phủ,"Các từ """"Cuộc sống, Tự do và theo đuổi Hạnh phúc"""" có trong văn kiện sáng lập"" nào?",Tuyên ngôn Độc lập,"Bản Tuyên ngôn Độc lập là tài liệu thành lập, trong đó nêu rõ ""Cuộc sống, Tự do và Mưu cầu Hạnh phúc"" là những quyền bất khả xâm phạm. Nó được thông qua vào ngày 4 tháng 7 năm 1776, công bố sự ly khai của 13 thuộc địa Mỹ khỏi Vương quốc Anh. Các thuộc địa đã gây chiến với Vương quốc Anh hơn một năm vào thời điểm Tuyên ngôn được thông qua.","Điều khoản Liên bang
Hiến pháp Hợp chủng quốc Hoa Kỳ
Tuyên ngôn Nhân quyền"
12,CHÍNH QUYỀN HOA KỲ,Nguyên tắc của chính phủ,Hệ thống kinh tế của Hoa Kỳ là gì? *,"Kinh tế tư bản, Kinh tế thị trường tự do","Hoa Kỳ chủ yếu vận hành theo hệ thống kinh tế thị trường tự do, tư bản chủ nghĩa. Trong hệ thống này, các cá nhân và doanh nghiệp phần lớn kiểm soát các phương tiện sản xuất và phân phối, với giá cả và sản lượng được xác định bởi cung và cầu, chứ không phải bởi sự kiểm soát của chính phủ. Vai trò của chính phủ nói chung là điều tiết thị trường, thực thi hợp đồng và cung cấp một số hàng hóa và dịch vụ công.","Chủ nghĩa xã hội, Nền kinh tế chỉ huy
Chủ nghĩa cộng sản, Nền kinh tế kế hoạch
Chế độ phong kiến, Hệ thống hàng đổi hàng"
13,CHÍNH QUYỀN HOA KỲ,Nguyên tắc của chính phủ,Pháp quyền là gì?,"Mọi người đều phải tuân theo luật pháp., Các nhà lãnh đạo đều phải tuân theo luật pháp., Chính phủ phải tuân theo luật pháp., Không ai đứng trên pháp luật.","Bối cảnh: Nguyên tắc Pháp quyền là một nguyên tắc cơ bản của Chính phủ Mỹ. Nó có nghĩa là tất cả mọi người và các tổ chức đều phải tuân thủ và chịu trách nhiệm trước pháp luật được áp dụng và thực thi một cách công bằng. Giải thích: Nguyên tắc Pháp quyền đảm bảo rằng mọi người, bao gồm cả các nhà lãnh đạo và chính phủ, phải tuân thủ luật pháp. Không ai đứng trên pháp luật. Nguyên tắc này thúc đẩy sự công bằng và ngăn chặn sự lạm dụng quyền lực.","Chỉ một số người phải tuân theo luật pháp.
Các nhà lãnh đạo đứng trên luật pháp.
Chính phủ đứng trên luật pháp."
14,CHÍNH QUYỀN HOA KỲ,Nguyên tắc của chính phủ,Nhiều tài liệu ảnh hưởng đến Hiến pháp Hoa Kỳ. Hãy nêu một ví dụ.,"Tuyên ngôn Độc lập, Các điều khoản Hợp bang, Luận cương Liên bang, Luận cương chống Liên bang, Tuyên ngôn về Quyền của Virginia, Các Chỉ thị Cơ bản của Connecticut, Hiệp ước Mayflower, Luật Hòa bình Vĩ đại Iroquois","Hiến pháp Hoa Kỳ bị ảnh hưởng bởi một số tài liệu lịch sử quan trọng. Tuyên ngôn Độc lập tuyên bố các thuộc địa ly khai khỏi Anh. Các Điều khoản Hợp bang đóng vai trò là hiến pháp đầu tiên của Hoa Kỳ, thiết lập một ""liên minh vững chắc"" giữa các bang. Các Bài báo của Liên bang là những bài tiểu luận được viết để thuyết phục cử tri ủng hộ Hiến pháp mới, trong khi Các Bài báo chống Liên bang bày tỏ nỗi sợ hãi về quyền lực của chính phủ mới. Tuyên ngôn Quyền Virginia là một tài liệu nền tảng đã ảnh hưởng đến Tuyên ngôn Độc lập và Tuyên ngôn Nhân quyền. Các tài liệu khác như Các Sắc lệnh Cơ bản của Connecticut, Hiệp ước Mayflower và Luật Hòa bình vĩ đại của Iroquois cũng đóng góp vào các ý tưởng về quyền tự quản của Mỹ.","Hiến chương Magna Carta, Tuyên ngôn Quyền lợi Anh, Lẽ thường
Hai khảo luận về Chính quyền, Đơn thỉnh cầu về Quyền, Các điều khoản Hợp bang
Tinh thần pháp luật, Khế ước xã hội"
15,CHÍNH QUYỀN HOA KỲ,Nguyên tắc của chính phủ,Chính phủ Hoa Kỳ có ba nhánh. Tại sao?,"Để ngăn cản một nhánh trở nên quá quyền lực, Kiểm soát và cân bằng, Phân quyền","Ba nhánh của chính phủ (lập pháp, hành pháp và tư pháp) mỗi nhánh đều có quyền lực riêng biệt để ngăn chặn bất kỳ nhánh nào trở nên quá lấn át. Hệ thống kiểm soát và đối trọng này đảm bảo sự phân chia quyền lực, nghĩa là mỗi nhánh có thể giới hạn quyền lực của các nhánh khác, từ đó duy trì một chính phủ cân bằng và bảo vệ các quyền tự do.","Để đảm bảo công bằng cho tất cả mọi người, Để ngăn chặn lạm dụng quyền lực của bất kỳ nhánh nào, Để bảo vệ quyền tự do cá nhân
Để cho phép ra quyết định nhanh chóng, Để đơn giản hóa các quy trình chính phủ, Để tập trung quyền lực
Để thúc đẩy tăng trưởng kinh tế, Để duy trì trật tự xã hội, Để bảo vệ biên giới quốc gia"
16,CHÍNH QUYỀN HOA KỲ,Hệ thống chính quyền,Kể tên ba nhánh của chính phủ.,"Lập pháp, hành pháp và tư pháp, Quốc hội, tổng thống và tòa án","Ba nhánh chính phủ ở Hoa Kỳ được thiết kế để tạo ra một hệ thống kiểm soát và đối trọng, đảm bảo không có nhánh nào trở nên quá quyền lực. Giải thích câu trả lời: * Nhánh Lập pháp (Quốc hội): Ban hành luật. * Nhánh Hành pháp (Tổng thống): Thực hiện và thi hành luật. * Nhánh Tư pháp (Tòa án): Giải thích luật và quản lý công lý.","Kinh tế, xã hội và văn hóa, doanh nghiệp, người dân và các tiểu bang
Liên bang, tiểu bang và địa phương, thị trưởng, thống đốc và quốc gia
Công cộng, tư nhân và dân sự, công dân, công ty và các thành phố"
17,CHÍNH QUYỀN HOA KỲ,Hệ thống chính quyền,Tổng thống Hoa Kỳ phụ trách nhánh nào của chính phủ?,Nhánh hành pháp,"Tổng thống Hoa Kỳ lãnh đạo nhánh Hành pháp, chịu trách nhiệm thực thi và ban hành luật do Quốc hội viết ra. Nhánh này cũng bao gồm Phó Tổng thống và các bộ, cơ quan khác nhau.","Nhánh lập pháp
Nhánh tư pháp
Quốc hội"
18,CHÍNH QUYỀN HOA KỲ,Hệ thống chính quyền,Bộ phận nào của chính phủ liên bang viết luật?,"Quốc hội, (của Liên Bang hay Quốc Gia) cơ quan lập pháp, Nhánh Lập Pháp","Quốc hội Hoa Kỳ, bao gồm Thượng viện và Hạ viện, là nhánh lập pháp của chính phủ liên bang. Trách nhiệm chính của họ là tạo và thông qua luật cho đất nước. Hệ thống này được thiết kế để đảm bảo sự đại diện cho tất cả các tiểu bang và một quy trình lập pháp kỹ lưỡng.","(Tổng thống) Hành pháp, (Tổng thống hoặc quốc gia) lãnh đạo, Nhánh Hành pháp
(Tối cao) Tòa án, (Tối cao hoặc quốc gia) tư pháp, Nhánh Tư pháp
(Thống đốc) Thống đốc tiểu bang, (Thống đốc tiểu bang hoặc quốc gia) lãnh đạo, Chính phủ tiểu bang"
19,CHÍNH QUYỀN HOA KỲ,Hệ thống chính quyền,Lưỡng Viện Hoa Kỳ bao gồm hai phần gì?,Thượng Viện và Hạ Viện,"Quốc hội Hoa Kỳ, cơ quan lập pháp của chính phủ liên bang, là lưỡng viện, có nghĩa là nó được chia thành hai viện riêng biệt: Thượng viện và Hạ viện. Cấu trúc này được thành lập bởi Hiến pháp Hoa Kỳ để cung cấp một hệ thống kiểm tra và cân bằng, đảm bảo các hình thức đại diện và quy trình lập pháp khác nhau. Thượng viện, với sự đại diện bình đẳng cho mỗi tiểu bang, và Hạ viện, với sự đại diện theo tỷ lệ dựa trên dân số, cùng nhau làm việc để tạo ra và thông qua luật.","Tổng thống và Phó Tổng thống
Hành pháp và Tư pháp (Các nhánh)
Thống đốc và Thị trưởng"
20,CHÍNH QUYỀN HOA KỲ,Hệ thống chính quyền,Nêu tên một quyền lực của Quốc hội Hoa Kỳ. *,"Viết luật, Tuyên bố chiến tranh, Tạo ra ngân sách liên bang","Quốc hội Hoa Kỳ, bao gồm Hạ viện và Thượng viện, là nhánh lập pháp của chính phủ liên bang. Vai trò chính của Quốc hội là tạo ra luật pháp cho đất nước. Các quyền hạn chính bao gồm soạn thảo và thông qua luật, chính thức tuyên chiến và phê duyệt ngân sách liên bang, trong đó phác thảo chi tiêu của chính phủ.","Chỉ định thẩm phán, Chỉ huy quân đội, Phủ quyết luật pháp
Thực thi luật pháp, Giải thích luật pháp, Ân xá tội phạm
Đàm phán hiệp ước, Thu thuế, Ban hành sắc lệnh hành pháp"
21,CHÍNH QUYỀN HOA KỲ,Hệ thống chính quyền,Có bao nhiêu Thượng Nghị Sĩ Hoa Kỳ?,Một trăm (100),"Thượng viện Hoa Kỳ bao gồm 100 thượng nghị sĩ, với hai thượng nghị sĩ đại diện cho mỗi trong số 50 tiểu bang. Các thượng nghị sĩ này phục vụ nhiệm kỳ sáu năm.","Năm mươi (50)
Hai trăm (200)
Bảy mươi (70)"
22,CHÍNH QUYỀN HOA KỲ,Hệ thống chính quyền,Nhiệm kỳ của một thượng nghị sĩ Hoa Kỳ là bao lâu?,Sáu (6) năm,"Các Thượng nghị sĩ phục vụ nhiệm kỳ sáu năm để mang lại sự ổn định và cho phép họ tập trung vào chính sách dài hạn mà không bị áp lực tái tranh cử liên tục. Nhiệm kỳ dài hơn này phân biệt họ với các Hạ nghị sĩ, những người phục vụ nhiệm kỳ hai năm và phản ứng trực tiếp hơn với tâm lý công chúng ngay lập tức.","Hai (2) năm
Bốn (4) năm
Mười (10) năm"
23,CHÍNH QUYỀN HOA KỲ,Hệ thống chính quyền,Nghị sĩ đại diện cho bang của bạn là ai?,Câu trả lời sẽ thay đổi. [Cư dân Quận Columbia và các lãnh thổ Mỹ nên trả lời rằng Quận Colombia (hoặc lãnh thổ mà ứng viên sinh sống) không có nghị sĩ đại diện.],Câu trả lời cho câu hỏi này tùy thuộc vào tiểu bang nơi người đó sinh sống. Mỗi tiểu bang Hoa Kỳ bầu hai thượng nghị sĩ đại diện cho mình tại Thượng viện Hoa Kỳ. Vì có 50 tiểu bang nên có tổng cộng 100 thượng nghị sĩ Hoa Kỳ.,"[Các câu trả lời không chính xác sẽ khác nhau]
[Không có câu trả lời cụ thể]
[Thay đổi tùy theo tiểu bang]"
24,CHÍNH QUYỀN HOA KỲ,Hệ thống chính quyền,Hạ Viện có bao nhiêu thành viên bỏ phiếu?,Bốn trăm ba mươi lăm (435),"Hạ viện là hạ viện của Quốc hội Hoa Kỳ. Số lượng thành viên bỏ phiếu được pháp luật quy định là 435, với đại diện cho mỗi tiểu bang được xác định theo dân số. Con số này đã được ấn định từ năm 1913.","Ba trăm (300)
Năm trăm (500)
Hai trăm (200)"
25,CHÍNH QUYỀN HOA KỲ,Hệ thống chính quyền,Nhiệm kỳ của một dân biểu trong Hạ Viện là bao lâu?,Hai (2) năm,"Các thành viên của Hạ viện Hoa Kỳ phục vụ nhiệm kỳ hai năm. Nhiệm kỳ ngắn hơn này, so với nhiệm kỳ sáu năm của các Thượng nghị sĩ, được thiết kế để giữ cho các đại diện phải chịu trách nhiệm chặt chẽ hơn trước cử tri của họ và để phản ánh ý kiến công chúng thường xuyên hơn. Toàn bộ Hạ viện sẽ tái tranh cử cứ sau hai năm.","Bốn (4) năm
Sáu (6) năm
Một (1) năm"
26,CHÍNH QUYỀN HOA KỲ,Hệ thống chính quyền,Tại sao dân biểu Hoa Kỳ có nhiệm kỳ ngắn hơn so với thượng nghị sĩ Hoa Kỳ?,Theo dõi sát sao dư luận hơn,"Giải thích: Những người lập hiến của Hiến pháp Hoa Kỳ đã thiết kế Hạ viện để đáp ứng nhanh hơn với ý chí trực tiếp của người dân. Với nhiệm kỳ ngắn hơn, các đại diện phải chịu trách nhiệm thường xuyên hơn trước cử tri và dư luận. Bối cảnh: Quốc hội Hoa Kỳ là lưỡng viện, bao gồm Hạ viện và Thượng viện. Các đại diện phục vụ nhiệm kỳ hai năm, trong khi các thượng nghị sĩ phục vụ nhiệm kỳ sáu năm. Sự khác biệt về độ dài nhiệm kỳ này phản ánh ý định của những người lập hiến nhằm tạo ra sự cân bằng giữa đại diện trực tiếp của người dân và tư duy lập pháp thận trọng hơn, dài hạn hơn.","Để hạn chế quyền lực của họ
Để đảm bảo một chính phủ ổn định hơn
Để đại diện cho một nhóm người nhỏ hơn"
27,CHÍNH QUYỀN HOA KỲ,Hệ thống chính quyền,Mỗi bang có bao nhiêu thượng nghị sĩ?,Hai (2),"Mỗi tiểu bang, bất kể dân số, có hai thượng nghị sĩ để đảm bảo sự đại diện bình đẳng cho tất cả các tiểu bang trong Thượng viện Hoa Kỳ. Cấu trúc này được thành lập bởi Hiến pháp Hoa Kỳ để cân bằng quyền lực của các tiểu bang lớn hơn và nhỏ hơn.","Một (1)
Ba (3)
Bốn (4)"
28,CHÍNH QUYỀN HOA KỲ,Hệ thống chính quyền,Tại sao mỗi bang có hai thượng nghị sĩ?,"Đại diện bình đẳng (cho các bang nhỏ), Thỏa Hiệp Lớn (Thỏa Hiệp Connecticut)","Thượng viện Hoa Kỳ có hai thượng nghị sĩ cho mỗi tiểu bang để đảm bảo sự đại diện bình đẳng cho tất cả các tiểu bang, bất kể quy mô dân số. Đây là một phần quan trọng của ""Thỏa hiệp lớn"" (còn được gọi là Thỏa hiệp Connecticut) trong Hội nghị Lập hiến, nhằm cân bằng lợi ích của các tiểu bang lớn và nhỏ.","Lệnh của Tổng thống (để cân bằng quyền lực)
Tuyên ngôn Nhân quyền (cho từng tiểu bang)
Mật độ dân số (của các tiểu bang lớn hơn)"
29,CHÍNH QUYỀN HOA KỲ,Hệ thống chính quyền,Kể tên dân biểu của bạn.,Câu trả lời sẽ thay đổi. [Cư dân của những vùng lãnh thổ có Đại biểu hoặc Ủy viên Thường trú không bỏ phiếu có thể nêu tên của Đại biểu hoặc Ủy viên đó. Chấp nhận cả đáp án rằng vùng lãnh thổ này không có Dân biểu (được quyền bỏ phiếu) ở Quốc hội.],"Giải thích: Câu trả lời khác nhau vì mỗi hạ nghị sĩ Hoa Kỳ được bầu để đại diện cho một khu vực cụ thể, vì vậy câu trả lời đúng phụ thuộc vào địa điểm của người làm bài kiểm tra. Bối cảnh: Hạ viện Hoa Kỳ bao gồm các thành viên được người dân của 50 tiểu bang bầu ra. Số lượng hạ nghị sĩ mỗi tiểu bang có được dựa trên dân số của tiểu bang đó. Các hạ nghị sĩ này phục vụ nhiệm kỳ hai năm và chịu trách nhiệm đại diện cho lợi ích của cử tri của họ trong chính phủ liên bang.","Nancy Pelosi
Kevin Mullin
Maxine Waters"
30,CHÍNH QUYỀN HOA KỲ,Hệ thống chính quyền,Tên của đương kim Phát ngôn viên Hạ Viện là gì? *,Xin ghé thăm trang uscis.gov/citizenship/testupdates để biết tên của Chủ Tịch Hạ viện Dân Biểu Hoa Kỳ,"Chủ tịch Hạ viện là lãnh đạo Hạ viện Hoa Kỳ. Vị trí này được bổ nhiệm thông qua bầu cử vào đầu mỗi nhiệm kỳ Quốc hội mới, hoặc nếu vị trí đó bị bỏ trống. Chủ tịch hiện tại là Mike Johnson. Câu trả lời ""Câu trả lời sẽ khác nhau"" cho thấy tên của Chủ tịch có thể thay đổi theo thời gian.","Kevin McCarthy
Nancy Pelosi
Paul Ryan"
31,CHÍNH QUYỀN HOA KỲ,Hệ thống chính quyền,Thượng nghị sĩ Hoa Kỳ đại diện cho ai?,"Công dân tiểu bang của họ, Người dân của bang họ",Một Thượng nghị sĩ Hoa Kỳ đại diện cho toàn bộ dân số của tiểu bang cụ thể của họ trong chính phủ liên bang. Điều này đảm bảo rằng lợi ích và nhu cầu của tất cả công dân tiểu bang được thể hiện trong việc hoạch định chính sách quốc gia.,"Tổng thống, Phó Tổng thống
Tòa án Tối cao, Hạ viện
Chính phủ nước ngoài, Các quốc gia khác"
32,CHÍNH QUYỀN HOA KỲ,Hệ thống chính quyền,Ai bầu chọn thượng nghị sĩ Hoa Kỳ?,Công dân tiểu bang của họ,"Tại Hoa Kỳ, các thượng nghị sĩ được người dân của các bang tương ứng bầu trực tiếp. Quá trình này là một phần cơ bản của nền dân chủ Mỹ, cho phép người dân lựa chọn đại diện của họ trong chính phủ liên bang. Tu chính án thứ 17 của Hiến pháp Hoa Kỳ, được phê chuẩn vào năm 1913, đã thiết lập việc bầu cử trực tiếp các thượng nghị sĩ bằng phiếu phổ thông, thay thế hệ thống trước đây nơi các cơ quan lập pháp tiểu bang đã chọn họ.","Tổng thống
Hạ viện
Tối cao Pháp viện"
33,CHÍNH QUYỀN HOA KỲ,Hệ thống chính quyền,Dân biểu của Hạ viện đại diện cho ai?,"Công dân trong quận (quốc hội) của họ, Công dân trong quận của họ, Người dân từ khu vực bầu cử (quốc hội) của họ, Người dân trong khu vực của họ","Giải thích: Các thành viên của Hạ viện đại diện cho những người sống ở các khu vực địa lý cụ thể trong bang của họ, được gọi là các khu vực quốc hội. Điều này đảm bảo rằng các nhu cầu và lợi ích đa dạng của các cộng đồng khác nhau trên cả nước được lắng nghe và giải quyết trong cơ quan lập pháp quốc gia. Bối cảnh: Hạ viện Hoa Kỳ được thiết kế để trở thành phòng gần dân nhất của Quốc hội. Các đại diện được bầu với nhiệm kỳ hai năm và số lượng đại diện mỗi bang có được dựa trên dân số của bang đó, được xác định bởi cuộc điều tra dân số mười năm một lần.","Tổng thống, Tối cao Pháp viện, Thượng viện
Thống đốc, Cơ quan lập pháp tiểu bang, Thị trưởng
Công dân nước ngoài, Công dân các nước khác, Người không cư trú"
34,CHÍNH QUYỀN HOA KỲ,Hệ thống chính quyền,Ai bầu ra các dân biểu của Hạ Viện?,Công dân từ quận (quốc hội) của họ,Hạ viện Hoa Kỳ bao gồm các thành viên được người dân bầu ra. Mỗi thành viên đại diện cho một khu vực quốc hội cụ thể trong tiểu bang của họ và chỉ những công dân sống trong khu vực đó mới có thể bỏ phiếu cho đại diện của họ.,"Thượng nghị sĩ từ quận (bầu cử) của họ
Thống đốc từ quận (tiểu bang) của họ
Tổng thống từ quận (quốc gia) của họ"
35,CHÍNH QUYỀN HOA KỲ,Hệ thống chính quyền,Tại sao một số bang có số dân biểu cao hơn những bang khác?,"(vì) dân số bang, (vì) bang có nhiều người hơn, (vì) một số bang có nhiều người hơn","Số lượng dân biểu mà một tiểu bang có trong Hạ viện được dựa trên dân số của tiểu bang đó. Các tiểu bang có nhiều người hơn sẽ có nhiều dân biểu hơn, đảm bảo rằng sự đại diện tỷ lệ thuận với dân số của tiểu bang. Hệ thống này là một phần của Thỏa hiệp Lớn trong quá trình soạn thảo Hiến pháp Hoa Kỳ, cân bằng lợi ích của cả các tiểu bang lớn và nhỏ.","(Vì) kích thước của tiểu bang, (Vì) họ có nhiều đất hơn, (Vì) một số tiểu bang lớn hơn
(Vì) vị trí của tiểu bang, (Vì) họ ở miền nam, (Vì) một số tiểu bang ấm hơn
(Vì) lịch sử của tiểu bang, (Vì) chúng được thành lập đầu tiên, (Vì) một số tiểu bang lâu đời hơn"
36,CHÍNH QUYỀN HOA KỲ,Hệ thống chính quyền,Nhiệm kỳ của một Tổng thống là bao nhiêu năm? *,bốn (4),"Tổng thống Hợp chủng quốc Hoa Kỳ phục vụ nhiệm kỳ bốn năm. Giới hạn nhiệm kỳ này được thiết lập bởi Tu chính án thứ 22 của Hiến pháp Hoa Kỳ, được phê chuẩn vào năm 1951, chủ yếu để ngăn chặn bất kỳ tổng thống nào phục vụ quá nhiều nhiệm kỳ, sau bốn nhiệm kỳ của Franklin D. Roosevelt trong thời kỳ khủng hoảng quốc gia.","Hai (2) năm
Sáu (6) năm
Tám (8) năm"
37,CHÍNH QUYỀN HOA KỲ,Hệ thống chính quyền,Tổng thống Hoa Kỳ chỉ có thể phục vụ hai nhiệm kỳ. Tại sao?,"(Vì) Tu chính án thứ 22, Để giữ tổng thống không trở nên quá quyền lực","Tu chính án thứ 22 giới hạn Tổng thống chỉ được hai nhiệm kỳ để ngăn chặn bất kỳ cá nhân nào tích lũy quá nhiều quyền lực, đảm bảo sự cân bằng quyền lực và thúc đẩy các nguyên tắc dân chủ bằng cách cho phép thay đổi lãnh đạo thường xuyên.","(Vì) Tu chính án thứ 19, Để tổng thống trở nên quyền lực hơn
(Vì) Tu chính án thứ 13, Để tổng thống được phục vụ không giới hạn nhiệm kỳ
(Vì) Tu chính án thứ 1, Để giới hạn quyền lực của tổng thống chỉ trong một nhiệm kỳ"
38,CHÍNH QUYỀN HOA KỲ,Hệ thống chính quyền,Tên của đương kim Tổng thống Hoa Kỳ là gì?*,Xin ghé thăm trang uscis.gov/citizenship/testupdates để biết tên của Tổng Thống Hoa Kỳ.,"Tổng thống hiện tại của Hợp chủng quốc Hoa Kỳ thay đổi theo thời gian, vì vậy câu trả lời đúng phụ thuộc vào thời điểm câu hỏi được hỏi. Câu hỏi này thường được sử dụng trong các bài kiểm tra công dân hoặc nhập quốc tịch để đảm bảo người làm bài kiểm tra nhận thức được bối cảnh chính trị hiện tại.","George Washington
Abraham Lincoln
John F. Kennedy"
39,CHÍNH QUYỀN HOA KỲ,Hệ thống chính quyền,Tên của đương kim Phó Tổng thống Hoa Kỳ là gì? *,Xin ghé thăm trang uscis.gov/citizenship/testupdates để biết tên của Phó Tổng Thống Hoa Kỳ.,"Phó Tổng thống Hoa Kỳ thay đổi tùy theo kết quả bầu cử. Do đó, câu trả lời cho câu hỏi này sẽ khác nhau tùy thuộc vào thời điểm đặt câu hỏi. Phó Tổng thống cũng giữ chức Chủ tịch Thượng viện.","George Washington
Abraham Lincoln
John F. Kennedy"
40,CHÍNH QUYỀN HOA KỲ,Hệ thống chính quyền,"Nếu Tổng thống không thể tiếp tục phục vụ, ai sẽ trở thành Tổng thống?",Phó Tổng thống,"Giải thích: Nếu Tổng thống không thể phục vụ nữa, Phó Tổng thống sẽ tiếp quản để duy trì sự liên tục trong vai trò lãnh đạo. Đây là một phần của thứ tự kế nhiệm tổng thống.","Chủ tịch Hạ viện (của Hạ viện)
Chánh án (của Tòa án Tối cao)
Ngoại trưởng (của Hoa Kỳ)"
41,CHÍNH QUYỀN HOA KỲ,Hệ thống chính quyền,Kể tên một quyền lực của tổng thống.,"Ký các dự luật thành luật, Phủ quyết các dự luật, Thi hành luật, Tổng tư lệnh (quân đội), Trưởng ngoại giao, Bổ nhiệm các thẩm phán liên bang","Tổng thống Hoa Kỳ nắm giữ quyền hạn đáng kể. Quyền hạn của họ bao gồm ký ban hành luật (hoặc phủ quyết), thực thi các luật đó, giữ chức Tổng tư lệnh quân đội, đóng vai trò là nhà ngoại giao trưởng của quốc gia và bổ nhiệm các thẩm phán liên bang. Những trách nhiệm này rất quan trọng đối với hoạt động của chính phủ Mỹ.","Tuyên chiến, Bổ nhiệm thống đốc tiểu bang, Soạn thảo luật tiểu bang
Phê duyệt ngân sách tiểu bang, Chỉ huy dân quân tiểu bang, Đàm phán hiệp ước tiểu bang
Đánh thuế tiểu bang, In tiền tiểu bang, Thiết lập ngày lễ tiểu bang"
42,CHÍNH QUYỀN HOA KỲ,Hệ thống chính quyền,Ai là Chỉ huy tối cao của quân đội?,Tổng thống,"Tổng thống Hoa Kỳ giữ danh hiệu Tổng tư lệnh, có nghĩa là họ là tổng chỉ huy tối cao của tất cả các lực lượng quân sự Hoa Kỳ. Vai trò này được nêu trong Hiến pháp Hoa Kỳ, thiết lập quyền kiểm soát dân sự đối với quân đội để đảm bảo rằng sức mạnh quân sự phải nằm dưới sự chỉ huy của chính phủ dân chủ.","Chủ tịch Hạ viện
Chánh án Tòa án Tối cao
Phó Tổng thống (Hoa Kỳ)"
43,CHÍNH QUYỀN HOA KỲ,Hệ thống chính quyền,Ai sẽ ký dự thảo để thông qua thành luật?,Tổng thống,"Tổng thống Hoa Kỳ đóng một vai trò quan trọng trong quy trình lập pháp. Sau khi một dự luật được cả Hạ viện và Thượng viện thông qua, nó sẽ được gửi đến Tổng thống. Tổng thống sau đó có thể ký dự luật thành luật, phủ quyết (từ chối) hoặc cho phép nó trở thành luật mà không cần ký. Chữ ký của tổng thống là bước cuối cùng trong việc ban hành một dự luật thành luật, khiến nó có hiệu lực thi hành trên toàn quốc.","Phó Tổng thống (Hoa Kỳ)
Chủ tịch (Hạ viện)
Chánh án (Tòa án Tối cao)"
44,CHÍNH QUYỀN HOA KỲ,Hệ thống chính quyền,Ai phủ quyết các dự thảo luật? *,Tổng thống,"Giải thích: Tổng thống có quyền phủ quyết các dự luật được Quốc hội thông qua, ngăn chúng trở thành luật. Bối cảnh: Quyền lực này là một phần quan trọng của hệ thống kiểm tra và cân bằng trong chính phủ Hoa Kỳ, được thiết kế để đảm bảo không có nhánh nào trở nên quá quyền lực.","Chủ tịch Hạ viện
Chánh án Tòa án Tối cao
Phó Tổng thống"
45,CHÍNH QUYỀN HOA KỲ,Hệ thống chính quyền,Ai bổ nhiệm thẩm phán liên bang?,Tổng thống (của Hoa Kỳ),"Tổng thống Hoa Kỳ đề cử các thẩm phán liên bang. Đây là một phần của hệ thống kiểm soát và cân bằng, trong đó Nhánh Hành pháp (Tổng thống) đề xuất các thẩm phán và Nhánh Lập pháp (Thượng viện) xác nhận các đề cử này. Điều này đảm bảo không có một nhánh nào có quá nhiều quyền lực.","Chánh án (của Tối cao Pháp viện)
Thượng viện (của Hoa Kỳ)
Chủ tịch Hạ viện (của Hạ viện)"
46,CHÍNH QUYỀN HOA KỲ,Hệ thống chính quyền,Nhánh hành pháp có nhiều bộ phận. Hãy nêu một ví dụ.,"Tổng thống (của Hoa Kỳ), Nội các, Các sở và cơ quan liên bang","Ngành hành pháp chịu trách nhiệm thực thi và thi hành các luật do Quốc hội ban hành. Tổng thống Hoa Kỳ là người đứng đầu ngành hành pháp. Nội các và các bộ, cơ quan liên bang giúp Tổng thống thực hiện các nhiệm vụ này.","Tối cao Pháp viện (của Hoa Kỳ), Quốc hội, Các cơ quan lập pháp và cơ quan cấp tiểu bang
Chủ tịch (Hạ viện), Thượng viện, Các sở và cơ quan địa phương
Chánh án (Tối cao Pháp viện), Hạ viện, Các sở và cơ quan cấp quận/hạt"
47,CHÍNH QUYỀN HOA KỲ,Hệ thống chính quyền,Nội các Tổng thống có vai trò gì?,cố vấn cho Tổng thống,"Nội các của Tổng thống bao gồm những người đứng đầu các bộ hành pháp, được Tổng thống lựa chọn, và vai trò chính của họ là cố vấn cho Tổng thống về các vấn đề liên quan đến bộ phận tương ứng của họ và các vấn đề quốc gia rộng lớn hơn. Cơ quan cố vấn này giúp Tổng thống đưa ra các quyết định sáng suốt và thực hiện các chính sách.","Phê duyệt luật pháp (từ Quốc hội)
Bổ nhiệm Thẩm phán Tòa án Tối cao (cho quốc gia)
Chỉ huy quân đội (của quốc gia)"
48,CHÍNH QUYỀN HOA KỲ,Hệ thống chính quyền,Kể tên hai vị trí trong Nội các?,"Bộ trưởng Bộ Nông nghiệp, Bộ trưởng Bộ Thương mại, Bộ trưởng Bộ Quốc phòng, Bộ trưởng Bộ Giáo dục, Bộ trưởng Bộ Năng lượng, Bộ trưởng Bộ Sức khỏe và Dịch vụ Nhân sinh, Bộ trưởng Bộ An ninh Nội địa, Bộ trưởng Bộ Nhà ở và Phát triển Đô thị, Bộ trưởng Bộ Nội vụ, Bộ trưởng Bộ Lao động, Ngoại trưởng, Bộ trưởng Bộ Giao thông, Bộ trưởng Bộ Ngân khố, Bộ trưởng Bộ Cựu chiến binh, Tổng chưởng lý, Phó Tổng thống, Giám đốc Cục Bảo Vệ Môi Trường, Giám đốc Cơ Quan Quản Lý Doanh Nghiệp Nhỏ, Giám đốc Cơ Quan Tình Báo Trung Ương, Giám đốc Văn Phòng Quản Lý và Ngân Sách, Giám đốc Tình Báo Quốc Gia, Đại Diện Thương Mại Hoa Kỳ","Nội các Hoa Kỳ bao gồm các quan chức được bổ nhiệm cấp cao nhất của nhánh hành pháp của chính phủ liên bang. Vai trò của Nội các là cố vấn cho Tổng thống về bất kỳ vấn đề nào mà ông có thể yêu cầu liên quan đến nhiệm vụ của các văn phòng tương ứng của họ. Các vị trí này thường được gọi là ""cấp Nội các"" vì những người nắm giữ chúng được coi là một phần trong vòng tròn cố vấn thân cận của Tổng thống.","Chánh văn phòng, Thư ký báo chí, Đại sứ tại Liên Hợp Quốc
Chủ tịch Cục Dự trữ Liên bang, Thẩm phán Tòa án Tối cao, Chủ tịch Hạ viện
Giám đốc FBI, Ủy viên IRS, Tổng giám đốc Bưu điện"
49,CHÍNH QUYỀN HOA KỲ,Hệ thống chính quyền,Tại sao Đại cử tri Đoàn lại quan trọng?,"Nó quyết định ai được bầu làm tổng thống., Nó cung cấp một sự thỏa hiệp giữa cuộc bầu cử phổ biến của tổng thống và sự lựa chọn của quốc hội.","Cử tri đoàn là một hệ thống được Hiến pháp Hoa Kỳ thiết lập để bầu cử gián tiếp tổng thống và phó tổng thống. Mỗi tiểu bang được phân bổ một số phiếu đại cử tri dựa trên tổng số đại diện của mình trong Quốc hội (Hạ viện + Thượng viện). Khi công dân bỏ phiếu trong cuộc bầu cử tổng thống, về mặt kỹ thuật, họ đang bỏ phiếu cho một danh sách các đại cử tri đã cam kết ủng hộ một ứng cử viên cụ thể.

Cử tri đoàn quan trọng vì hai lý do chính:1.  Nó quyết định ai sẽ trở thành tổng thống, vì một ứng cử viên phải giành được đa số phiếu đại cử tri (270 trên tổng số 538) để được bầu.
2.  Nó đại diện cho một sự thỏa hiệp bằng cách cân bằng ý chí của phiếu phổ thông với sự đại diện của các tiểu bang, đặc biệt là những tiểu bang có dân số nhỏ hơn. Điều này đảm bảo rằng các ứng cử viên cần sự ủng hộ rộng rãi trên các khu vực khác nhau chứ không chỉ ở những khu vực đông dân cư.","Nó cho phép các bang bỏ phiếu về các sửa đổi.
Nó đảm bảo rằng các bang nhỏ hơn có ít quyền lực hơn các bang lớn hơn.
Nó xác định số lượng đại diện mà mỗi bang nhận được."
50,CHÍNH QUYỀN HOA KỲ,Hệ thống chính quyền,Một bộ phận của nhánh tư pháp là gì?,"Tòa án tối cao, Tòa án liên bang","Nhánh tư pháp có trách nhiệm giải thích luật pháp của Hoa Kỳ và giải quyết các tranh chấp pháp lý. Nó bao gồm Tòa án Tối cao, là tòa án cao nhất trong cả nước, và các tòa án liên bang, giải quyết các vụ việc liên quan đến luật liên bang.","Nhánh Lập pháp, Nhánh Hành pháp
Nội các Tổng thống, Thống đốc Tiểu bang
Hạ viện, Thượng viện"
51,CHÍNH QUYỀN HOA KỲ,Hệ thống chính quyền,Nhánh tư pháp có vai trò gì?,"xem xét luật, giải thích luật, giải quyết tranh chấp (bất hòa) Giới thiệu về luật, xác định luật có vi hiến hay không","Nhánh Tư pháp chịu trách nhiệm giải thích luật pháp của Hoa Kỳ và giải quyết các tranh chấp pháp lý. Nó đảm bảo rằng luật pháp được áp dụng một cách công bằng và tuân thủ Hiến pháp Hoa Kỳ. Các chức năng chính của nó bao gồm: xem xét luật, giải thích ý nghĩa của luật, giải quyết bất đồng về luật và quyết định xem một đạo luật có vi phạm Hiến pháp hay không.","Thực thi pháp luật, Tạo ra luật, Bổ nhiệm thẩm phán
Bầu cử Tổng thống, Thu thuế, Quản lý quân đội
Ký hiệp ước, Đàm phán với các quốc gia khác, In tiền"
52,CHÍNH QUYỀN HOA KỲ,Hệ thống chính quyền,Tòa án cao nhất ở Hoa Kỳ là gì? *,Tòa án Tối cao,"Tòa án Tối cao là tòa án cao nhất ở Hoa Kỳ và là trọng tài cuối cùng của luật pháp. Nó được thành lập bởi Đạo luật Tư pháp năm 1789 với sáu thẩm phán, và hiện tại bao gồm một Chánh án và tám Thẩm phán Phó. Những thẩm phán này được Tổng thống bổ nhiệm, được Thượng viện xác nhận, và thường giữ chức vụ suốt đời. Tòa án có quyền xem xét tư pháp, cho phép nó giải thích Hiến pháp và xem xét các đạo luật của Quốc hội.","Tòa án Quận
Tòa án Lưu động
Tòa án Phúc thẩm"
53,CHÍNH QUYỀN HOA KỲ,Hệ thống chính quyền,Tòa án Tối cao có bao nhiêu ghế?,Chín (9),"Tòa án Tối cao Hoa Kỳ bao gồm một Chánh án và tám Thẩm phán cộng sự, tổng cộng có chín thành viên. Con số này đã được ấn định từ năm 1869. Các thẩm phán được Tổng thống đề cử và được Thượng viện xác nhận.","Bảy (7)
Tám (8)
Mười (10)"
54,CHÍNH QUYỀN HOA KỲ,Hệ thống chính quyền,Thường cần bao nhiêu thẩm phán Tòa án Tối cao để quyết định một vụ án?,Năm (5),"Tối cao Pháp viện quyết định các vụ án bằng cách bỏ phiếu đa số, và cần có ít nhất sáu Thẩm phán để quyết định một vụ án. Do đó, nếu ít nhất năm trong số chín Thẩm phán đồng ý, quan điểm của họ sẽ chiếm ưu thế.","Hai (2)
Bốn (4)
Sáu (6)"
55,CHÍNH QUYỀN HOA KỲ,Hệ thống chính quyền,Các thẩm phán Tòa án Tối cao phục vụ trong bao lâu?,"(Suốt) đời, Nhiệm kỳ trọn đời, (Cho đến khi) nghỉ hưu","Các thẩm phán Tối cao pháp viện ở Hoa Kỳ giữ chức vụ suốt đời, hoặc cho đến khi họ chọn nghỉ hưu, từ chức, hoặc bị cách chức thông qua quy trình luận tội. Nhiệm kỳ suốt đời này được thiết kế để đảm bảo tính độc lập của họ khỏi áp lực chính trị, cho phép họ đưa ra các quyết định chỉ dựa trên luật pháp mà không sợ mất việc.","(Trong) 2 năm, Nhiệm kỳ 2 năm, (Cho đến khi) cuộc bầu cử tiếp theo
(Trong) 4 năm, Nhiệm kỳ 4 năm, (Cho đến khi) tổng thống mới
(Trong) 6 năm, Nhiệm kỳ 6 năm, (Cho đến khi) tái tranh cử"
56,CHÍNH QUYỀN HOA KỲ,Hệ thống chính quyền,Các thẩm phán Tòa án Tối cao phục vụ suốt đời. Tại sao?,"Để độc lập (về chính trị), Để hạn chế ảnh hưởng từ bên ngoài (chính trị)","Các thẩm phán Tòa án Tối cao được bổ nhiệm suốt đời để đảm bảo các quyết định của họ chỉ dựa trên các nguyên tắc pháp lý, không bị áp lực chính trị hoặc nhu cầu vận động tái cử. Sự độc lập này giúp duy trì một nền tư pháp phi đảng phái.","Để phụ thuộc (vào chính trị), Để gia tăng ảnh hưởng bên ngoài (chính trị)
Để tuân theo các đảng (chính trị), Để bỏ qua ý kiến công chúng (chính trị)
Để phục vụ một nhiệm kỳ (ngắn), Để bị ảnh hưởng (bởi chính trị)"
57,CHÍNH QUYỀN HOA KỲ,Hệ thống chính quyền,Tên của đương kim Chánh án Tòa án Tối cao Hoa Kỳ là gì?,Xin ghé thăm trang uscis.gov/citizenship/testupdates để biết tên của Chánh Án Tòa Án Tối Cao Pháp Viện Hoa Kỳ.,"Chánh án Tòa án Tối cao Hoa Kỳ là John Roberts. Câu trả lời khác nhau vì vị trí này được giữ suốt đời và Chánh án hiện tại có thể thay đổi do nghỉ hưu, từ chức hoặc qua đời.","Sonia Sotomayor
Elena Kagan
Amy Coney Barrett"
58,CHÍNH QUYỀN HOA KỲ,Hệ thống chính quyền,Nêu tên một quyền lực chỉ dành cho chính phủ liên bang.,"In tiền giấy, Đúc tiền xu, Tuyên bố chiến tranh, Thành lập quân đội, Kí các hòa ước, Thiết lập chính sách đối ngoại","Chính phủ liên bang ở Hoa Kỳ có những quyền lực cụ thể không được chia sẻ với các chính phủ tiểu bang. Chúng được gọi là quyền hạn được liệt kê, có nghĩa là chúng được ghi rõ trong Hiến pháp. Ví dụ, chỉ chính phủ liên bang mới có thể: * In tiền giấy và đúc tiền xu: Điều này đảm bảo một loại tiền tệ thống nhất trên toàn quốc. * Tuyên chiến, thành lập quân đội và ký kết hiệp ước: Những điều này rất quan trọng đối với quốc phòng và chính sách đối ngoại. * Đặt ra chính sách đối ngoại: Điều này cho phép Hoa Kỳ hành động như một thực thể duy nhất trong quan hệ quốc tế.","Cấp giấy phép lái xe
Cung cấp trường học và giáo dục
Cung cấp dịch vụ bảo vệ (cảnh sát)"
59,CHÍNH QUYỀN HOA KỲ,Hệ thống chính quyền,Nêu tên một quyền lực chỉ dành cho các bang.,"cung cấp trường học và giáo dục, đảm bảo an ninh (cảnh sát), đảm bảo an toàn (cứu hỏa), cấp bằng lái, chấp thuận quy hoạch và sử dụng đất","Trong hệ thống chính phủ Hoa Kỳ, quyền lực được phân chia giữa chính phủ liên bang (quốc gia) và chính phủ tiểu bang. Một số quyền lực dành riêng cho các tiểu bang. Chúng bao gồm việc thành lập chính quyền địa phương, thiết lập trường học, cấp giấy phép và cung cấp dịch vụ cảnh sát và cứu hỏa. Những quyền lực này cho phép các tiểu bang đáp ứng nhu cầu cụ thể của cư dân.","In tiền, Tuyên chiến, Lập quân đội hoặc hải quân
Lập hiệp ước, Tham chiến, Đúc hoặc in tiền
Điều tiết thương mại, Thiết lập bưu điện, Cấp bằng sáng chế và bản quyền"
60,CHÍNH QUYỀN HOA KỲ,Hệ thống chính quyền,Mục đích của Tu chính án thứ 10 là gì?,(Tu chính án này nói rằng) quyền lực không được trao cho chính phủ liên bang mà thuộc về các tiểu bang hoặc nhân dân.,"Tu chính án thứ 10 củng cố nguyên tắc của chủ nghĩa liên bang, có nghĩa là các quyền hạn không được Hiến pháp đặc biệt trao cho chính phủ liên bang, cũng như không bị cấm đối với các tiểu bang, được dành cho các tiểu bang hoặc cho người dân. Điều này đảm bảo sự cân bằng quyền lực giữa chính phủ liên bang và các tiểu bang.","(Hiến pháp này nói rằng) quyền lực không được trao cho chính phủ liên bang mà thuộc về Tổng thống hoặc Tòa án Tối cao.
(Hiến pháp này nói rằng) quyền lực không được trao cho chính phủ liên bang mà thuộc về các thành phố hoặc quân đội.
(Hiến pháp này nói rằng) quyền lực không được trao cho chính phủ liên bang mà thuộc về Liên Hợp Quốc hoặc các quốc gia khác."
61,CHÍNH QUYỀN HOA KỲ,Hệ thống chính quyền,Ai là đương kim Thống đốc ở bang của bạn? *,Câu trả lời sẽ thay đổi. [Cư dân Quận Columbia nên trả lời rằng Quận Columbia không có Thống đốc.],"Câu trả lời cho ""Ai là thống đốc tiểu bang của bạn bây giờ?"" sẽ khác nhau vì mỗi tiểu bang trong số 50 tiểu bang của Hoa Kỳ đều có thống đốc riêng. Thống đốc là người điều hành chính của tiểu bang tương ứng và chịu trách nhiệm thực hiện luật tiểu bang và giám sát nhánh hành pháp của chính phủ tiểu bang. Nhiệm vụ và quyền hạn cụ thể của họ có thể khác nhau giữa các tiểu bang, nhưng nhìn chung bao gồm ký ban hành luật, đề xuất ngân sách và chỉ huy Lực lượng Vệ binh Quốc gia của tiểu bang.","Sarah Chen
David Rodriguez
Emily White"
62,CHÍNH QUYỀN HOA KỲ,Hệ thống chính quyền,Thủ phủ tiểu bang của bạn là gì?,Câu trả lời sẽ thay đổi. [Cư dân Quận Columbia nên trả lời rằng Quận Columbia không phải là tiểu bang và không có thủ phủ. Cư dân các lãnh thổ thuộc Hoa Kỳ nên nêu tên thủ phủ của lãnh thổ.],"Bối cảnh: Tại Hoa Kỳ, mỗi bang đều có thủ đô riêng, đây là nơi đặt trụ sở chính quyền tiểu bang. Giải thích: Câu trả lời khác nhau vì có 50 bang khác nhau và mỗi người sẽ cung cấp thủ đô của bang cụ thể của họ.","George Washington
Abraham Lincoln
John F. Kennedy"
63,CHÍNH QUYỀN HOA KỲ,Quyền lợi và Trách nhiệm,Hiến pháp có bốn tu chính án nói về cử tri. Hãy miêu tả một trong số đó.,"Công dân trên mười tám (18) tuổi (có thể bầu cử)., Bạn không cần trả tiền (thuế khoán) để được bầu cử., Bất kỳ công dân nào cũng có thể bầu cử. (Nam nữ đều có thể bầu cử.), Công dân nam của bất kỳ chủng tộc nào (có thể bầu cử).","Các tu chính án thứ 15, 19, 24 và 26 đã mở rộng quyền bầu cử ở Hoa Kỳ để bao gồm công dân bất kể chủng tộc, giới tính, hoặc khả năng đóng thuế thân, và hạ tuổi bầu cử xuống 18. Mỗi tu chính án đã dần dần mở rộng những người có thể tham gia vào quá trình dân chủ.","Chỉ công dân từ 21 tuổi trở lên (có thể bầu cử).
Bạn phải trả tiền (thuế khoán) để được bầu cử.
Chỉ công dân nam (có thể bầu cử)."
64,CHÍNH QUYỀN HOA KỲ,Quyền lợi và Trách nhiệm,"Ai có thể bỏ phiếu trong các cuộc bầu cử liên bang, tranh cử vào văn phòng liên","Công dân, Công dân của Hoa Kỳ, Công dân Hoa Kỳ","Giải thích: Chỉ công dân Hoa Kỳ mới được cấp quyền và trách nhiệm bỏ phiếu trong các cuộc bầu cử liên bang, tranh cử chức vụ liên bang và phục vụ trong bồi thẩm đoàn.

Bối cảnh: Những quyền và trách nhiệm này là nền tảng của hệ thống dân chủ Mỹ và được dành riêng cho công dân để đảm bảo sự tham gia và đại diện trực tiếp của họ trong chính phủ và hệ thống tư pháp.","Thường trú nhân, Thường trú nhân hợp pháp, Người có thẻ xanh
Người không phải công dân, Người nước ngoài, Người có thị thực
Người chưa thành niên, Trẻ em, Dưới 18 tuổi"
65,CHÍNH QUYỀN HOA KỲ,Quyền lợi và Trách nhiệm,Kể tên Ba quyền của mọi người sinh sống ở Hoa Kỳ?,"quyền tự do biểu đạt, quyền tự do ngôn luận, quyền tự do hội họp, quyền tự do kiến nghị chính quyền, quyền tự do tôn giáo, quyền được mang vũ khí","Bối cảnh: Hiến pháp Hợp chủng quốc Hoa Kỳ đảm bảo một số quyền cơ bản cho tất cả các cá nhân sống trong nước. Những quyền này thường được gọi là quyền tự do dân sự và được pháp luật bảo vệ. Giải thích câu trả lời: Đây là những ví dụ về các quyền tự do cơ bản mà các cá nhân ở Hoa Kỳ có, cho phép họ bày tỏ ý kiến, tụ tập ôn hòa, thực hành tôn giáo của mình và yêu cầu chính phủ thay đổi. Quyền mang vũ khí cũng là một quyền được hiến pháp bảo vệ.","quyền tự do lái xe
quyền tự do xây dựng
quyền tự do đi lại"
66,CHÍNH QUYỀN HOA KỲ,Quyền lợi và Trách nhiệm,Chúng ta thể hiện lòng trung thành với điều gì khi nói Lời tuyên thệ Trung thành? *,"Hoa Kỳ, quốc kỳ","Bối cảnh: Lời thề trung thành là một lời hứa trung thành với Hợp chủng quốc Hoa Kỳ. Giải thích: Khi chúng ta đọc Lời thề trung thành, chúng ta đang thể hiện lòng trung thành của mình đối với Hợp chủng quốc Hoa Kỳ với tư cách là một quốc gia và đối với lá cờ của quốc gia này, tượng trưng cho đất nước và các giá trị của nó.","Hiến pháp, Tổng thống
Nhà Trắng, Quốc hội
Tòa án Tối cao, các tiểu bang"
67,CHÍNH QUYỀN HOA KỲ,Quyền lợi và Trách nhiệm,Kể tên hai lời hứa mà các công dân mới của Hoa Kỳ sẽ thực hiện trong Lời thề Trung thành.,"từ bỏ lòng trung thành với những quốc gia khác, Bảo vệ (Hoa Kỳ) Hiến pháp, tuân thủ luật pháp Hoa Kỳ, phục vụ trong quân đội Hoa Kỳ (nếu cần), phục vụ (làm những việc quan trọng) cho quốc gia (nếu cần)","Khi công dân mới tuyên thệ Trung thành, họ thực hiện những lời hứa quan trọng để thể hiện cam kết của mình với Hợp chủng quốc Hoa Kỳ. Những lời hứa này bao gồm từ bỏ lòng trung thành với các quốc gia khác, duy trì Hiến pháp Hoa Kỳ, tuân thủ luật pháp và sẵn sàng phục vụ quốc gia nếu cần.","Không bỏ phiếu trong các cuộc bầu cử, không tuân theo Hiến pháp (Hoa Kỳ), phớt lờ luật pháp Hoa Kỳ
Từ chối phục vụ trong quân đội (nếu cần), tránh phục vụ (giúp đỡ, làm công việc quan trọng cho) quốc gia (nếu cần), không trung thành với Hoa Kỳ
Giữ lòng trung thành với các quốc gia khác, không bảo vệ Hiến pháp (Hoa Kỳ), không tuân thủ luật pháp Hoa Kỳ"
68,CHÍNH QUYỀN HOA KỲ,Quyền lợi và Trách nhiệm,Một người có thể trở thành công dân Hoa Kỳ như thế nào?,"Sinh ra ở Hoa Kỳ, theo các điều kiện được quy định bởi Tu chính án thứ 14, Nhập tịch, Có được tư cách công dân (theo các điều kiện do Quốc hội đặt ra)","Để trở thành công dân Hoa Kỳ, các cá nhân có thể sinh ra ở Hoa Kỳ (theo Tu chính án thứ 14), trải qua quá trình nhập tịch, hoặc có được quyền công dân thông qua cha mẹ, theo các điều kiện do Quốc hội đặt ra.","Tham gia quân đội (và phục vụ trong một khoảng thời gian cụ thể)
Kết hôn với một công dân Hoa Kỳ
Thắng xổ số (để có thường trú nhân)"
69,CHÍNH QUYỀN HOA KỲ,Quyền lợi và Trách nhiệm,Hai ví dụ về sự tham gia của công dân ở Hoa Kỳ là gì?,"Bỏ phiếu, Tranh cử, Tham gia một đảng phái chính trị, Tham dự vào một cuộc vận động tranh cử, Tham gia vào một nhóm hoạt động dân sự, Tham gia vào một nhóm hoạt động cộng đồng, Phát biểu ý kiến (về một vấn đề) với một vị dân cử, Liên hệ với các quan chức được bầu cử, Công khai ủng hộ hoặc phản đối một vấn đề hoặc chính sách nào đó, Góp ý kiến trên một tờ báo",Sự tham gia của công dân đề cập đến cách công dân tham gia vào cộng đồng và chính phủ của họ. Hai ví dụ phổ biến bao gồm bỏ phiếu trong các cuộc bầu cử và tham gia một đảng chính trị để ủng hộ các ứng cử viên hoặc chính sách cụ thể.,"Đóng thuế,
Tuân thủ luật giao thông,
Phục vụ trong bồi thẩm đoàn"
70,CHÍNH QUYỀN HOA KỲ,Quyền lợi và Trách nhiệm,Một cách mà người dân Hoa Kỳ có thể phục vụ đất nước của họ là gì?,"Bỏ phiếu, Đóng thuế, Tuân theo luật pháp, Phục vụ trong quân đội, Tranh cử, Làm việc cho chính quyền địa phương, tiểu bang hoặc liên bang","Phục vụ đất nước có nghĩa là tích cực tham gia vào các trách nhiệm công dân để giúp đỡ quốc gia và người dân. Điều này bao gồm các nghĩa vụ công dân như bỏ phiếu và tuân thủ pháp luật, cũng như các dịch vụ trực tiếp hơn như tham gia quân đội hoặc làm việc cho chính phủ.","Không bỏ phiếu
Không đóng thuế
Không tuân theo luật pháp"
71,CHÍNH QUYỀN HOA KỲ,Quyền lợi và Trách nhiệm,Tại sao việc đóng thuế liên bang lại quan trọng?,"Pháp luật bắt buộc, Tất cả mọi người đóng tiền để duy trì ngân sách cho chính phủ liên bang, Hiến pháp Hoa Kỳ (Tu chính án thứ 16) bắt buộc, Nghĩa vụ công dân","Trả thuế liên bang là một nghĩa vụ công dân và là yêu cầu pháp lý ở Hoa Kỳ, theo luật định và Tu chính án thứ 16 của Hiến pháp Hoa Kỳ. Các loại thuế này tài trợ cho chính phủ liên bang và các hoạt động của nó.","Không bị pháp luật bắt buộc, Tất cả mọi người đóng tiền để nhận phúc lợi
Không bị Hiến pháp (Tu chính án thứ 1) bắt buộc, Không phải là nghĩa vụ công dân
Tùy chọn đối với một số người, Chỉ một số người đóng tiền để duy trì ngân sách chính quyền địa phương, Bị Hiến pháp (Tu chính án thứ 1) bắt buộc, Nghĩa vụ tùy chọn
Đóng góp tự nguyện, Chỉ những người có thu nhập cao mới đóng tiền để duy trì ngân sách chính quyền tiểu bang, Không được đề cập trong Hiến pháp, Lựa chọn cá nhân"
72,CHÍNH QUYỀN HOA KỲ,Quyền lợi và Trách nhiệm,Mọi thanh niên tuổi từ 18 đến 25 phải đăng ký quân dịch. Bạn hãy nêu một lý do.,"Pháp luật bắt buộc, Nghĩa vụ công dân, Công bằng hóa lựa chọn cho đợt nghĩa vụ, nếu cần","Hệ thống Tuyển quân yêu cầu hầu hết tất cả công dân Hoa Kỳ nam và người nhập cư nam sống ở Hoa Kỳ từ 18-25 tuổi phải đăng ký. Việc đăng ký này rất quan trọng vì nó được luật pháp quy định, được coi là một nghĩa vụ công dân và giúp đảm bảo một quy trình tuyển quân công bằng và bình đẳng nếu có tình huống khẩn cấp quốc gia.","Tránh thuế, Được giáo dục miễn phí, Du lịch khắp thế giới
Trở thành lính, Có việc làm lương cao, Nhận trợ cấp đặc biệt
Sống ở một đất nước mới, Học một ngôn ngữ mới, Gặp gỡ những người mới"
73,LỊCH SỬ HOA KỲ,Colonial Period and Independence A :Thời kỳ thuộc địa và nền độc lập,Người di dân thời thuộc địa tới Châu Mỹ vì nhiều lí do. Hãy nêu một ví dụ.,"Tự do, Tự do chính trị, Tự do tôn giáo, Cơ hội kinh tế, Tránh sự áp bức","Những người thực dân đã đến Mỹ để tìm kiếm một cuộc sống tốt đẹp hơn. Lý do của họ bao gồm: Tự do: Khả năng sống và thờ phượng theo ý muốn mà không bị đàn áp. Tự do chính trị: Mong muốn tự trị và thoát khỏi sự cai trị áp bức. Tự do tôn giáo: Để thoát khỏi sự đàn áp tôn giáo và thực hành đức tin của họ một cách tự do. Cơ hội kinh tế: Cơ hội sở hữu đất đai, tìm việc làm và cải thiện tình hình tài chính của họ. Trốn thoát khỏi sự đàn áp: Để thoát khỏi nhiều hình thức khó khăn và bất công ở quê hương của họ.","Thuế cao, Sự cai trị của Anh, Thiếu đất đai
Phiêu lưu, Vàng, Các tuyến đường thương mại mới
Khám phá, Phát hiện khoa học, Lan truyền dân chủ"
74,LỊCH SỬ HOA KỲ,Colonial Period and Independence A :Thời kỳ thuộc địa và nền độc lập,Ai sống ở Hoa Kỳ trước khi những người dân châu Âu đến? *,"Người Mỹ da đỏ, Người Mỹ bản địa","Người Mỹ bản địa, còn được gọi là người da đỏ, là những người bản xứ sinh sống ở châu Mỹ hàng nghìn năm trước khi quá trình thuộc địa hóa của châu Âu bắt đầu vào cuối thế kỷ 15. Họ đã phát triển các nền văn hóa, ngôn ngữ và xã hội đa dạng trên khắp lục địa.","Người châu Âu, Người thực dân
Người châu Phi, Người châu Á
Người Viking, Nhà thám hiểm"
75,LỊCH SỬ HOA KỲ,Colonial Period and Independence A :Thời kỳ thuộc địa và nền độc lập,Nhóm người nào bị bắt và bán làm nô lệ?,"người châu Phi, những người từ châu Phi","Người châu Phi bị cưỡng bức đưa ra khỏi nhà và vận chuyển qua Đại Tây Dương để bán làm nô lệ, chủ yếu để làm việc trên các đồn điền ở châu Mỹ. Hệ thống tàn bạo này, được gọi là buôn bán nô lệ xuyên Đại Tây Dương, kéo dài hàng thế kỷ và gây ra đau khổ tột cùng và sự bóc lột của hàng triệu người.","Người châu Âu, những người từ châu Âu
Người châu Á, những người từ châu Á
Người Mỹ bản địa, những người từ châu Mỹ"
76,LỊCH SỬ HOA KỲ,Colonial Period and Independence A :Thời kỳ thuộc địa và nền độc lập,Người Mỹ đã chiến đấu trong cuộc chiến nào để giành lấy sự độc lập từ nước Anh?,"Cuộc Cách mạng Mỹ, Chiến tranh Cách mạng (Mỹ), Chiến tranh vì Độc lập (Hoa Kỳ)","Cách mạng Hoa Kỳ (1775-1783) là cuộc chiến do 13 thuộc địa Hoa Kỳ chống lại Vương quốc Anh để giành độc lập. Những người thuộc địa, không hài lòng với sự cai trị và thuế của Anh, đã tuyên bố độc lập và, với sự giúp đỡ của Pháp, đánh bại người Anh, thành lập Hợp chủng quốc Hoa Kỳ.","Thế chiến (II), Chiến tranh Thế giới (thứ hai), Chiến tranh giành quyền bá chủ (toàn cầu)
Nội chiến, Nội chiến (Mỹ), Chiến tranh giành Độc lập (miền Nam)
Chiến tranh Mỹ-Mexico, Chiến tranh biên giới (Mexico), Chiến tranh mở rộng lãnh thổ"
77,LỊCH SỬ HOA KỲ,Colonial Period and Independence A :Thời kỳ thuộc địa và nền độc lập,Hãy nêu một lý do tại sao người dân Hoa Kỳ tuyên bố độc lập khỏi Anh Quốc.,"Thuế cao, Đóng thuế mà không có đại diện, Binh lính Anh ở trong nhà của người Mỹ (nội trú, đóng quân), Họ không có chính phủ tự chủ, Thảm sát Boston, Sự kiện tiệc trà Boston (Đạo luật Trà), Đạo luật Tem, Đạo luật Đường, Đạo luật Townshend, Các đạo luật Bất khoan dung (Cưỡng chế)","Các thuộc địa của Mỹ tuyên bố độc lập khỏi Anh do nhiều bất bình. Các lý do chính bao gồm ""đánh thuế mà không có đại diện"", có nghĩa là họ bị Quốc hội Anh đánh thuế nhưng không có đại diện được bầu ở đó, dẫn đến thuế cao như Đạo luật Tem và Đạo luật Đường. Lính Anh cũng đóng quân trong nhà dân Mỹ mà không có sự đồng ý. Các sự kiện như Thảm sát Boston và Tiệc trà Boston càng thúc đẩy mong muốn tự quản.","Thuế thấp, Đại diện với thuế, Binh lính Anh đã xây nhà của người Mỹ (xây dựng), Họ có chính phủ tự chủ, Sự kiện tiệc trà Boston (Đạo luật Trà), Đạo luật Tem, Đạo luật Đường, Đạo luật Townshend, Các đạo luật Bất khoan dung (Cưỡng chế)
Không thuế, Nhiều đại diện, Binh lính Anh đã rời khỏi nhà của người Mỹ (bỏ trống), Họ có chính phủ tự chủ, Thảm sát Boston, Sự kiện tiệc trà Boston (Đạo luật Trà), Đạo luật Tem, Đạo luật Đường, Đạo luật Townshend, Các đạo luật Bất khoan dung (Cưỡng chế)
Ít thuế, Đánh thuế có đại diện, Binh lính Anh đã nấu ăn trong nhà của người Mỹ (phục vụ, nấu ăn), Họ có chính phủ tự chủ, Sự kiện tiệc trà Boston (Đạo luật Trà), Đạo luật Tem, Đạo luật Đường, Đạo luật Townshend, Các đạo luật Bất khoan dung (Cưỡng chế)"
78,LỊCH SỬ HOA KỲ,Colonial Period and Independence A :Thời kỳ thuộc địa và nền độc lập,Ai viết bản Tuyên ngôn Độc lập? *,(Thomas) Jefferson,"Thomas Jefferson là tác giả chính của Tuyên ngôn Độc lập, một tài liệu nền tảng trong lịch sử Hoa Kỳ tuyên bố mười ba thuộc địa của Mỹ độc lập khỏi Vương quốc Anh. Ông là một nhân vật chủ chốt trong Cách mạng Mỹ và sau đó trở thành Tổng thống thứ ba của Hoa Kỳ.","(Benjamin) Franklin
(George) Washington
(John) Adams"
79,LỊCH SỬ HOA KỲ,Colonial Period and Independence A :Thời kỳ thuộc địa và nền độc lập,Bản Tuyên ngôn Độc lập được thông qua khi nào?,"4 tháng Bảy, 1776","Tuyên ngôn Độc lập là một tuyên bố được Quốc hội Lục địa lần thứ hai thông qua tại Tòa nhà Bang Pennsylvania ở Philadelphia vào ngày 4 tháng 7 năm 1776. Tuyên bố này công bố rằng mười ba thuộc địa của Mỹ, khi đó đang có chiến tranh với Vương quốc Anh, coi mình là mười ba quốc gia có chủ quyền độc lập mới và không còn nằm dưới sự cai trị của Anh.","17 tháng Chín, 1787
15 tháng Mười Hai, 1791
11 tháng Mười Một, 1620"
80,LỊCH SỬ HOA KỲ,Colonial Period and Independence A :Thời kỳ thuộc địa và nền độc lập,Cuộc Cách Mạng Mỹ có rất nhiều sự kiện quan trọng Hãy nêu một ví dụ.,"(Trận chiến ở) Bunker Hill, Tuyên Ngôn Độc Lập, Washington Vượt sông Delaware (Trận chiến Trenton), (Trận chiến ở) Saratoga, Valley Forge (Doanh trại), (Trận chiến ở) Yorktown (quân Anh đầu hàng tại Yorktown)",Cách mạng Mỹ là cuộc chiến tranh giành độc lập từ Vương quốc Anh. Các sự kiện chính bao gồm: * Trận Bunker Hill: Trận chiến ban đầu cho thấy quyết tâm của thực dân. * Tuyên ngôn Độc lập: Tuyên bố chính thức tách khỏi sự cai trị của Anh. * Washington vượt sông Delaware (Trận Trenton): Một cuộc tấn công bất ngờ giúp tăng cường tinh thần của Mỹ. * Trận Saratoga: Một bước ngoặt mang lại sự hỗ trợ của Pháp. * Thung lũng Forge (Trại đóng quân): Trại đóng quân mùa đông nơi Quân đội Lục địa phải đối mặt với điều kiện khắc nghiệt nhưng đã tập hợp lại. * Trận Yorktown: Trận chiến quyết định dẫn đến sự đầu hàng của Anh.,"(Trận chiến ở) Gettysburg
Trận Trân Châu Cảng, (Trận chiến ở) Antietam
Đạo luật Dân quyền, (Vụ) Mua Louisiana"
81,LỊCH SỬ HOA KỲ,Colonial Period and Independence A :Thời kỳ thuộc địa và nền độc lập,Có 13 bang đầu tiên. Kể tên số năm bang trong số đó.,"New Hampshire, Massachusetts, Rhode Island, Connecticut, New York, New Jersey, Pennsylvania, Delaware, Maryland, Virginia, North Carolina, South Carolina, Georgia","Mười ba tiểu bang ban đầu là những thuộc địa đầu tiên tuyên bố độc lập khỏi Vương quốc Anh và thành lập Hợp chủng quốc Hoa Kỳ. Các tiểu bang này là: New Hampshire, Massachusetts, Rhode Island, Connecticut, New York, New Jersey, Pennsylvania, Delaware, Maryland, Virginia, North Carolina, South Carolina và Georgia.","Florida, California, Texas
Illinois, Ohio, Washington
Oregon, Nevada, Arizona"
82,LỊCH SỬ HOA KỲ,Colonial Period and Independence A :Thời kỳ thuộc địa và nền độc lập,Văn kiện thành lập nào được viết vào năm 1787?,(Hoa Kỳ) Hiến pháp,"Hiến pháp Hoa Kỳ là luật tối cao của Hoa Kỳ. Được viết vào năm 1787, nó thiết lập khuôn khổ cho chính phủ liên bang và đảm bảo quyền của công dân. Nó phác thảo quyền hạn của các nhánh lập pháp, hành pháp và tư pháp, và đã được sửa đổi theo thời gian để thích nghi với nhu cầu phát triển của quốc gia.","(Tuyên ngôn Nhân quyền)
(Tuyên ngôn Độc lập)
(Các Điều khoản Hợp bang)"
83,LỊCH SỬ HOA KỲ,Colonial Period and Independence A :Thời kỳ thuộc địa và nền độc lập,The Federalist Papers (Tiểu luận Liên bang) ủng hộ Hiến pháp Hoa Kỳ được thông qua. Nêu tên của một trong các tác giả.,"(James) Madison, (Alexander) Hamilton, (John) Jay, Publius","The Federalist Papers là một loạt 85 bài tiểu luận được viết bởi James Madison, Alexander Hamilton và John Jay để thúc đẩy việc phê chuẩn Hiến pháp Hợp chủng quốc Hoa Kỳ. Những bài tiểu luận này đã giải thích và bảo vệ Hiến pháp mới được soạn thảo, lập luận ủng hộ một chính phủ liên bang mạnh để đảm bảo sự ổn định và bảo vệ quyền tự do cá nhân. Publius là bút danh được ba nhà văn này sử dụng.","(Thomas) Jefferson, (Benjamin) Franklin, (George) Washington, Common Sense
(John) Adams, (Paul) Revere, (Samuel) Adams, The Crisis
(Patrick) Henry, (Thomas) Paine, (Alexander) Hamilton, The Rights of Man"
84,LỊCH SỬ HOA KỲ,Colonial Period and Independence A :Thời kỳ thuộc địa và nền độc lập,Tại sao tập Luận cương Liên bang lại quan trọng?,"Nó giúp mọi người hiểu về Hoa Kỳ Hiến pháp., Nó ủng hộ thông qua (hệ thống Liên bang Hoa Kỳ) Hiến pháp.",Các Tài liệu Liên bang là một loạt các bài luận được viết để thuyết phục mọi người phê chuẩn Hiến pháp Hoa Kỳ. Chúng giải thích cách thức hoạt động của chính phủ mới và tại sao việc phê duyệt Hiến pháp lại quan trọng.,"Chúng giúp mọi người hiểu về Tuyên ngôn Độc lập (của Hoa Kỳ)., Chúng ủng hộ thông qua Điều khoản Liên bang (của Hoa Kỳ).
Chúng giúp mọi người hiểu về Tuyên ngôn Nhân quyền (của Hoa Kỳ)., Chúng ủng hộ thông qua Tuyên bố Giải phóng (của Hoa Kỳ).
Chúng giúp mọi người hiểu về Thỏa hiệp năm 1850 (của Hoa Kỳ)., Chúng ủng hộ thông qua Đạo luật Kansas-Nebraska (của Hoa Kỳ)."
85,LỊCH SỬ HOA KỲ,Colonial Period and Independence A :Thời kỳ thuộc địa và nền độc lập,Benjamin Franklin nổi tiếng vì nhiều lý do. Hãy nêu một ví dụ.,"Thành lập những thư viện miễn phí cho cộng đồng đầu tiên, Bộ trưởng Bộ Bưu điện đầu tiên ở Mỹ, Tham gia soạn thảo Tuyên Ngôn Độc Lập, Nhà Sáng Chế, Nhà Ngoại Giao Hoa Kỳ","Benjamin Franklin là một nhà bác học người Mỹ nổi bật, ông hoạt động với tư cách là một nhà văn, nhà khoa học, nhà phát minh, chính khách, nhà ngoại giao, nhà in, nhà xuất bản và triết gia chính trị. Ông được biết đến với nhiều đóng góp cho xã hội Mỹ và vai trò của mình trong việc thành lập Hợp chủng quốc Hoa Kỳ.

Trả lời:  * Thành lập thư viện công cộng miễn phí đầu tiên: Franklin thành lập Công ty Thư viện Philadelphia vào năm 1731, giúp công chúng tiếp cận sách.
  * Tổng Giám đốc Bưu điện đầu tiên của Hoa Kỳ: Ông tổ chức lại hệ thống bưu điện, giúp nó hiệu quả hơn.
  * Giúp viết Tuyên ngôn Độc lập: Franklin là một trong năm thành viên của ủy ban đã soạn thảo tài liệu nền tảng này.
  * Nhà phát minh: Các phát minh của ông bao gồm cột thu lôi, kính hai tròng và lò sưởi Franklin.
  * Nhà ngoại giao Hoa Kỳ: Ông đóng vai trò quan trọng trong việc đảm bảo sự hỗ trợ của Pháp cho Chiến tranh Cách mạng Hoa Kỳ.","Viết ""Lẽ thường"", Đàm phán Hiệp định mua bán Louisiana, Lãnh đạo Quân đội Lục địa
Phát hiện ra điện, Phát minh ra điện thoại, Tổng thống đầu tiên của Hoa Kỳ
Ký Hiến pháp, Soạn thảo Tuyên ngôn Nhân quyền, Chỉ huy USS Constitution"
86,LỊCH SỬ HOA KỲ,Colonial Period and Independence A :Thời kỳ thuộc địa và nền độc lập,George Washington nổi tiếng vì nhiều lý do. Hãy nêu một ví dụ. *,"""""Người cha của Đất nước Chúng ta, Tổng Thống đầu tiên của Hợp Chủng Quốc Hoa Kỳ, Tổng Tư lệnh Lục Quân Lục Địa, Chủ Tịch Hội nghị Lập hiến","George Washington là một nhân vật then chốt trong lịch sử Hoa Kỳ, lãnh đạo Lục quân Lục địa giành chiến thắng trong Chiến tranh Cách mạng và trở thành Tổng thống đầu tiên của Hoa Kỳ. Ông thường được gọi là ""Cha đẻ của đất nước chúng ta"" vì vai trò quan trọng của mình trong việc thành lập quốc gia. Ông cũng chủ trì Hội nghị Lập hiến, nơi đã soạn thảo Hiến pháp Hoa Kỳ.","Người đầu tiên đi thuyền đến Mỹ, Ký Tuyên ngôn Độc lập, Viết Hiến pháp, Lãnh đạo Tiệc trà Boston
Người sáng lập Thành phố New York, Tổng thống thứ ba của Hợp chủng quốc Hoa Kỳ, Tổng tư lệnh Lục quân Liên minh, Tổng thống Mua Louisiana
Người khám phá ra điện, Tổng thống thứ hai của Hợp chủng quốc Hoa Kỳ, Tác giả của Tuyên ngôn Nhân quyền, Thống đốc California"
87,LỊCH SỬ HOA KỲ,Colonial Period and Independence A :Thời kỳ thuộc địa và nền độc lập,Thomas Jefferson nổi tiếng vì nhiều lí do. Hãy nêu một ví dụ.,"Người soạn thảo Tuyên Ngôn Độc Lập, Tổng thống thứ ba của Hợp Chủng Quốc Hoa Kỳ, Mở rộng gấp đôi lãnh thổ Hoa Kỳ (mua bang Louisiana), Ngoại trưởng đầu tiên của Hoa Kỳ, Người thành lập trường Đại Học bang Virginia, Tác giả của Quy chế Virginia về Tự Do Tôn Giáo","Thomas Jefferson là một nhân vật chủ chốt trong lịch sử sơ khai của Hoa Kỳ, từng là Tổng thống thứ ba của Hoa Kỳ và là tác giả chính của Tuyên ngôn Độc lập, một tài liệu nền tảng cho Hợp chủng quốc Hoa Kỳ. Nhiệm kỳ tổng thống của ông đáng chú ý với Giao dịch mua Louisiana, đã mở rộng đáng kể lãnh thổ của đất nước. Ông cũng giữ các vai trò như Ngoại trưởng đầu tiên, thành lập Đại học Virginia và bảo vệ quyền tự do tôn giáo thông qua Đạo luật Tự do Tôn giáo Virginia.","Tổng thống đầu tiên của Hoa Kỳ
Người viết Tuyên Ngôn Giải Phóng, Người phát minh ra bóng đèn
Lãnh đạo Quân đội Lục địa, Người ký Hiến pháp, Người khám phá ra Châu Mỹ"
88,LỊCH SỬ HOA KỲ,Colonial Period and Independence A :Thời kỳ thuộc địa và nền độc lập,James Madison nổi tiếng vì nhiều lý do. Hãy nêu một ví dụ.,"""""Cha đẻ của Hiến Pháp, Tổng Thống thứ tư của Hợp Chủng Quốc Hoa Kỳ, Tổng Thống trong thời kỳ Chiến Tranh 1812, Một trong những tác giả của tập Luận cương Liên Bang","James Madison là một nhân vật chủ chốt trong lịch sử ban đầu của nước Mỹ, thường được gọi là ""Cha đẻ của Hiến pháp"" vì vai trò then chốt của ông trong việc soạn thảo Hiến pháp Hoa Kỳ. Ông cũng từng là Tổng thống thứ tư trong Chiến tranh năm 1812 và đồng tác giả của các Bài viết của những người theo chủ nghĩa Liên bang có ảnh hưởng.","“Tác giả của Tuyên Ngôn Độc Lập”, Tổng Thống thứ hai của Hợp Chủng Quốc Hoa Kỳ, Tổng Thống trong thời kỳ Nội Chiến, Một trong những người ký tên vào Hiến Pháp
“Người sáng lập Liên Hiệp Quốc”, Tổng Thống thứ ba của Hợp Chủng Quốc Hoa Kỳ, Tổng Thống trong thời kỳ Thế Chiến I, Một trong những tác giả của Tuyên ngôn Nhân quyền
“Người giải phóng nô lệ”, Tổng Thống đầu tiên của Hợp Chủng Quốc Hoa Kỳ, Tổng Thống trong thời kỳ Chiến tranh Cách mạng, Một trong những người tạo ra Điều lệ Liên bang"
89,LỊCH SỬ HOA KỲ,Colonial Period and Independence A :Thời kỳ thuộc địa và nền độc lập,Alexander Hamilton nổi tiếng vì nhiều lý do. Hãy nêu một ví dụ.,"Bộ Trưởng Ngân Khố Hoa Kỳ đầu tiên, Một trong những tác giả của tập Luận cương Liên Bang, Giúp đỡ thành lập Ngân Hàng đầu tiên của Hoa Kỳ, Phụ tá cho tướng George Washington, Thành viên của Quốc Hội Lục Địa","Alexander Hamilton là một nhân vật chủ chốt trong lịch sử sơ khai của Hoa Kỳ, giữ chức Bộ trưởng Ngân khố đầu tiên. Ông có vai trò quan trọng trong việc thiết lập hệ thống tài chính của quốc gia, bao gồm Ngân hàng Hoa Kỳ thứ nhất. Ông cũng đóng vai trò đáng kể trong việc ủng hộ Hiến pháp thông qua những đóng góp của mình cho The Federalist Papers.","Tổng thống đầu tiên của Hoa Kỳ, Đã viết Tuyên ngôn Độc lập, Đã phát minh ra bóng đèn
Lãnh đạo Quân đội Liên minh, Giúp thành lập Cục Công viên Quốc gia, Đã ký Tuyên ngôn Giải phóng Nô lệ
Phụ tá cho Tổng thống Abraham Lincoln, Thành viên của Tòa án Tối cao, Đã chiến đấu trong Chiến tranh năm 1812"
90,LỊCH SỬ HOA KỲ,Thế kỷ 19,Hoa Kỳ mua lãnh thổ nào từ Pháp vào năm 1803?,Lãnh thổ Louisiana,"Cuộc mua bán Louisiana là một thỏa thuận đất đai lớn vào năm 1803, trong đó Hoa Kỳ đã mua khoảng 827.000 dặm vuông lãnh thổ từ Pháp với giá khoảng 15 triệu đô la. Việc mua lại này, đã thực sự tăng gấp đôi quy mô của Hoa Kỳ non trẻ, là một thời điểm quan trọng trong lịch sử Mỹ, mở đường cho sự bành trướng về phía tây trên khắp lục địa.","Lãnh thổ Florida, Florida
Lãnh thổ Texas, Texas
Lãnh thổ Alaska, Alaska"
91,LỊCH SỬ HOA KỲ,Thế kỷ 19,Kể tên một cuộc chiến có Hoa Kỳ tham gia vào thế kỷ 19.,"Chiến tranh năm 1812, Chiến tranh Mexico - Hoa Kỳ, Nội chiến, Chiến tranh Tây Ban Nha - Hoa Kỳ",Hoa Kỳ đã tham gia một số cuộc xung đột quan trọng trong những năm 1800. Chiến tranh năm 1812 đã diễn ra chống lại Vương quốc Anh. Chiến tranh Mexico – Mỹ đã mang lại những lợi ích đáng kể về lãnh thổ cho Hoa Kỳ. Nội chiến là cuộc xung đột giữa các bang miền Bắc và miền Nam về các vấn đề bao gồm cả chế độ nô lệ. Chiến tranh Tây Ban Nha – Mỹ đánh dấu sự kết thúc của quá trình thuộc địa hóa của Tây Ban Nha ở châu Mỹ và sự trỗi dậy của Hoa Kỳ như một cường quốc thế giới.,"Chiến tranh Triều Tiên, Chiến tranh Việt Nam, Chiến tranh vùng Vịnh, Thế chiến II
Cách mạng Hoa Kỳ, Chiến tranh Pháp và Ấn Độ, Thế chiến I, Chiến tranh Lạnh
Phong trào Dân quyền, Đại suy thoái, Thời kỳ Roaring Twenties, Cách mạng Công nghiệp"
92,LỊCH SỬ HOA KỲ,Thế kỷ 19,Kể tên cuộc chiến ở Hoa Kỳ giữa miền Bắc và miền Nam.,Nội chiến,"Nội chiến Hoa Kỳ là một cuộc chiến tranh diễn ra ở Hoa Kỳ từ năm 1861 đến 1865 giữa các bang miền Bắc (Liên bang) và các bang miền Nam (Liên minh). Nguyên nhân chính là tranh chấp về chế độ nô lệ, quyền của các bang và sự khác biệt về kinh tế.","Chiến tranh Mexico
Chiến tranh Triều Tiên
Chiến tranh Việt Nam"
93,LỊCH SỬ HOA KỲ,Thế kỷ 19,Cuộc Nội chiến có rất nhiều sự kiện quan trọng. Hãy nêu một ví dụ.,"(Trận chiến ở) Fort Sumter, Tuyên Ngôn Giải Phóng Nô lệ, (Trận chiến ở) Vicksburg,, (Trận Chiến ở) Gettysburg, Cuộc tiến quân của Sherman, (Đầu hàng ở) Appomattox, (Trận chiến ở) Antietam/Sharpburg, Lincoln bị ám sát.","Nội chiến là một cuộc xung đột ở Hoa Kỳ từ năm 1861 đến năm 1865 giữa Liên minh (các bang miền Bắc) và Liên minh miền Nam (các bang miền Nam). Nó chủ yếu được chiến đấu vì các vấn đề về chế độ nô lệ và quyền của các bang. Dưới đây là một số sự kiện quan trọng: * Fort Sumter: Những phát súng đầu tiên của Nội chiến đã được bắn ở đây. * Tuyên ngôn Giải phóng Nô lệ: Một sắc lệnh của tổng thống do Abraham Lincoln ban hành, tuyên bố hầu hết những người nô lệ ở các bang miền Nam được tự do. * Vicksburg: Một chiến thắng lớn của Liên minh đã giúp họ kiểm soát sông Mississippi. * Gettysburg: Một chiến thắng quan trọng của Liên minh đánh dấu một bước ngoặt trong cuộc chiến. * Sherman’s March: Một chiến dịch quân sự tàn khốc do Tướng Liên minh William Tecumseh Sherman dẫn đầu qua Georgia và Carolinas. * Appomattox: Nơi Tướng Liên minh miền Nam Robert E. Lee đầu hàng Tướng Liên minh Ulysses S. Grant, chấm dứt hiệu quả Nội chiến. * Antietam/Sharpsburg: Trận chiến đẫm máu nhất trong một ngày trong lịch sử Hoa Kỳ. * Lincoln bị ám sát: Tổng thống Abraham Lincoln bị ám sát ngay sau khi cuộc chiến kết thúc.","(Cuộc tấn công vào) Trân Châu Cảng
Tiệc Trà Boston
Tuyên ngôn Độc lập"
94,LỊCH SỬ HOA KỲ,Thế kỷ 19,braham Lincoln nổi tiếng vì nhiều lý do. Hãy nêu một ví dụ. *,"Giải phóng nô lệ (Tuyên ngôn Giải phóng Nô lệ), Cứu (hoặc duy trì) phe Liên bang, Lãnh đạo phe Liên bang trong cuộc Nội chiến, Tổng thống thứ 16 của Hợp Chủng Quốc Hoa Kỳ, Đọc bài Diễn văn Gettysburg","Abraham Lincoln là Tổng thống thứ 16 của Hoa Kỳ, người đã lãnh đạo đất nước trong cuộc Nội chiến, bảo tồn Liên bang, và ban hành Tuyên ngôn Giải phóng để giải phóng những người bị nô lệ. Ông cũng đã đọc Bài diễn văn Gettysburg nổi tiếng.","Thành lập Hợp chủng quốc Hoa Kỳ (Hiến pháp), Viết Tuyên ngôn Độc lập, Là tổng thống đầu tiên của Hoa Kỳ, Lãnh đạo những người thuộc địa trong Cách mạng Mỹ, Đàm phán Hiệp định mua Louisiana
Ký Tuyên ngôn Nhân quyền (Tu chính án thứ nhất), Phát minh bóng đèn, Khám phá miền Tây nước Mỹ (Cuộc thám hiểm của Lewis và Clark), Mua Alaska từ Nga, Đọc diễn văn ""Tôi có một giấc mơ""
Viết ""Lẽ thường"" (Tờ rơi cách mạng), Bãi bỏ chế độ nô lệ (Tu chính án thứ 13), Đấu tranh cho quyền bầu cử của phụ nữ, Thành lập Dịch vụ Công viên Quốc gia, Giám sát việc xây dựng Kênh đào Panama"
95,LỊCH SỬ HOA KỲ,Thế kỷ 19,Tuyên ngôn Giải phóng Nô lệ có vai trò gì?,"giải phóng nô lệ, giải phóng nô lệ ở phe Liên hiệp, giải phóng nô lệ ở các bang Liên hiệp, giải phóng nô lệ ở hầu hết các bang miền Nam","Bản Tuyên ngôn Giải phóng, được Tổng thống Abraham Lincoln ban hành trong Nội chiến Hoa Kỳ, tuyên bố rằng hầu hết những người nô lệ ở các bang Liên minh miền Nam được tự do. Mặc dù nó không ngay lập tức giải phóng tất cả nô lệ, nhưng đây là một bước đi quan trọng hướng tới việc bãi bỏ chế độ nô lệ ở Hoa Kỳ và thay đổi bản chất của cuộc chiến để cũng là về tự do.","Thành lập Hiến pháp, Cấp quyền bỏ phiếu cho phụ nữ, Kết thúc Nội chiến
Tuyên bố độc lập khỏi Anh, Tạo ra Tuyên ngôn Nhân quyền, Thành lập Tòa án Tối cao
Bảo vệ tự do tôn giáo, Đảm bảo tự do ngôn luận, Cung cấp dịch vụ chăm sóc sức khỏe toàn dân"
96,LỊCH SỬ HOA KỲ,Thế kỷ 19,Trận chiến nào đã kết thúc chế độ nô lệ ở Hoa Kỳ?,Cuộc Nội chiến,"Nội chiến, diễn ra từ năm 1861-1865, là cuộc xung đột giữa Hoa Kỳ và 11 bang miền Nam ly khai khỏi Liên minh, chủ yếu do vấn đề nô lệ. Chiến thắng của Liên minh đã chấm dứt hiệu quả chế độ nô lệ ở Hoa Kỳ.","Chiến tranh Cách mạng
Chiến tranh năm 1812
Chiến tranh Mỹ-Mexico"
97,LỊCH SỬ HOA KỲ,Thế kỷ 19,Tu chính án nào quy định rằng tất cả những người sinh ra hoặc nhập tịch tại Hoa Kỳ và thuộc quyền tài phán của Hoa Kỳ là công dân Hoa Kỳ?,Tu chính án thứ 14,"Điều Tu chính án thứ 14, được phê chuẩn vào ngày 9 tháng 7 năm 1868, là một phần quan trọng của Hiến pháp Hoa Kỳ. Phần đầu tiên của nó tuyên bố rằng tất cả những người sinh ra hoặc nhập tịch tại Hoa Kỳ đều là công dân, và nó đảm bảo sự bảo vệ bình đẳng của pháp luật cho tất cả công dân, bao gồm cả những người từng bị nô lệ. Điều tu chính án này đã là trung tâm của nhiều quyết định mang tính bước ngoặt của Tòa án Tối cao, thiết lập các quyền dân sự và sự đối xử bình đẳng trước pháp luật.","Tu chính án thứ 10
Tu chính án thứ 12
Tu chính án thứ 19"
98,LỊCH SỬ HOA KỲ,Thế kỷ 19,Tất cả nam giới được phép bầu cử khi nào?,"Sau cuộc Nội chiến, Trong Thời kỳ Tái thiết, (Cùng với) Tu chính án thứ 15","Sau Nội chiến, Tu chính án thứ 15 của Hiến pháp Hợp chủng quốc Hoa Kỳ đã được phê chuẩn vào năm 1870, cấp cho tất cả nam giới, bất kể chủng tộc, quyền bỏ phiếu. Giai đoạn này, được gọi là Tái thiết, nhằm mục đích xây dựng lại miền Nam và tích hợp những người từng bị bắt làm nô lệ vào xã hội.","Trước Nội chiến, Trong Thời kỳ Antebellum, (Cùng với) Tu chính án thứ 10, 1850
Trước Đại suy thoái, Trong Thời kỳ Định mệnh hiển nhiên, (Cùng với) Tu chính án thứ 13, 1920
Sau Thế chiến I, Trong Thời kỳ Roaring Twenties, (Cùng với) Tu chính án thứ 19, 1900"
99,LỊCH SỬ HOA KỲ,Thế kỷ 19,Kể tên một nhà lãnh đạo của phong trào đòi quyền lợi cho phụ nữ những năm 1800,"Susan B. Anthony, Elizabeth Cady Stanton, Sojourner Truth, Harriet Tubman, Lucretia Mott, Lucy Stone","Phong trào đấu tranh giành quyền phụ nữ vào những năm 1800 tập trung vào việc đạt được quyền bình đẳng cho phụ nữ, bao gồm cả quyền bầu cử. Susan B. Anthony và Elizabeth Cady Stanton là những nhân vật nổi bật đồng sáng lập các tổ chức như Hiệp hội Bình đẳng Quyền Hoa Kỳ và Hiệp hội Bầu cử Nữ quyền Quốc gia. Các nhà lãnh đạo chủ chốt khác bao gồm Sojourner Truth, Harriet Tubman, Lucretia Mott và Lucy Stone, những người đã ủng hộ quyền bầu cử và các quyền khác của phụ nữ, thường xuyên liên minh với phong trào bãi nô.","Eleanor Roosevelt, Rosa Parks, Amelia Earhart, Clara Barton, Sacagawea, Harriet Tubman
Dolly Parton, Beyoncé, Taylor Swift, Rihanna, Madonna, Adele
Marilyn Monroe, Audrey Hepburn, Grace Kelly, Elizabeth Taylor, Katharine Hepburn, Bette Davis"
100,LỊCH SỬ HOA KỲ,Lịch sử Hoa Kỳ Hiện đại và Các Thông tin Lịch sử Quan trọng khác,Kể tên một cuộc chiến có Hoa Kỳ tham gia vào thế kỷ 20.,"Đệ nhất Thế chiến, Đệ nhị Thế chiến, Chiến tranh Triều Tiên, Chiến tranh Việt Nam, Chiến tranh vùng Vịnh (Ba Tư)",Hoa Kỳ đã tham gia vào một số cuộc chiến lớn trong thế kỷ 20. Những cuộc xung đột này đã có tác động đáng kể đến chính trị toàn cầu và xã hội Mỹ.,"Chiến tranh Pháp và người Da Đỏ
Nội chiến Hoa Kỳ
Chiến tranh Cách mạng Mỹ"
101,LỊCH SỬ HOA KỲ,Lịch sử Hoa Kỳ Hiện đại và Các Thông tin Lịch sử Quan trọng khác,Tại sao Hoa Kỳ tham gia vào Thế chiến thứ I?,"Vì Đức tấn công tàu (dân sự) của Hoa Kỳ, Để hỗ trợ Đồng minh (Anh, Pháp, Ý và Nga), Để chống lại Trung ương (Đức, Áo-Hung, Đế chế Ottoman và Bulgaria)","Hoa Kỳ tham gia Thế chiến thứ nhất do Đức tiến hành chiến tranh tàu ngầm không hạn chế, bao gồm các cuộc tấn công vào tàu dân sự của Hoa Kỳ, và để hỗ trợ phe Đồng minh trong khi phản đối phe Liên minh Trung tâm. Bối cảnh: Năm 1917, Đức tiếp tục chiến tranh tàu ngầm không hạn chế, đánh chìm các tàu của Hoa Kỳ như Aztec, điều này đã khiến công chúng Mỹ và Tổng thống Wilson vô cùng tức giận. Điều này, kết hợp với mong muốn hỗ trợ lực lượng Đồng minh và chống lại phe Liên minh Trung tâm, đã khiến Hoa Kỳ tuyên chiến với Đức.","Vì Nhật Bản tấn công các căn cứ (hải quân) của Hoa Kỳ,
Để ngăn chặn sự lây lan của chủ nghĩa cộng sản (ở Đông Âu và châu Á),
Để thiết lập hòa bình toàn cầu (thông qua một tổ chức quốc tế mới)"
102,LỊCH SỬ HOA KỲ,Lịch sử Hoa Kỳ Hiện đại và Các Thông tin Lịch sử Quan trọng khác,Tất cả phụ nữ được phép bầu cử khi nào?,"1920, Sau Thế chiến thứ I, (Cùng với) Tu chính án thứ 19","Tu chính án thứ 19 của Hiến pháp Hoa Kỳ đã cấp cho phụ nữ quyền bầu cử. Thành tựu mang tính bước ngoặt này, được phê chuẩn vào năm 1920, đã đạt đến đỉnh điểm sau nhiều thập kỷ vận động bởi phong trào quyền bầu cử của phụ nữ, vốn đã tăng cường sau Thế chiến thứ nhất.","1945, Sau Thế chiến thứ II, (Cùng với) Tu chính án thứ 20
1900, Trước Thế chiến thứ I, (Cùng với) Tu chính án thứ 18
1970, Trong Chiến tranh Việt Nam, (Cùng với) Tu chính án thứ 21"
103,LỊCH SỬ HOA KỲ,Lịch sử Hoa Kỳ Hiện đại và Các Thông tin Lịch sử Quan trọng khác,Cuộc Đại Suy Thoái là gì?,Cuộc suy thoái kinh tế dài nhất trong lịch sử hiện đại,"Đại khủng hoảng là một cuộc suy thoái kinh tế toàn cầu nghiêm trọng diễn ra chủ yếu trong những năm 1930. Đây là cuộc suy thoái kinh tế dài nhất và lan rộng nhất trong lịch sử hiện đại.

Lưu ý: Google Dịch có thể không hoàn toàn chính xác đối với tiếng Việt do sự phức tạp về ngữ pháp và cấu trúc câu.","Sự bùng nổ kinh tế ngắn nhất trong thời cổ đại
Vụ bê bối chính trị lớn nhất trong ký ức gần đây
Tiến bộ công nghệ nhanh nhất trong lịch sử loài người"
104,LỊCH SỬ HOA KỲ,Lịch sử Hoa Kỳ Hiện đại và Các Thông tin Lịch sử Quan trọng khác,Cuộc Đại Suy thoái bắt đầu khi nào?,"Cuộc Đại Sụp Đổ (1929), Sụp đổ thị trường chứng khoán năm 1929","Cuộc Đại suy thoái bắt đầu bằng sự sụp đổ của thị trường chứng khoán vào tháng 10 năm 1929, được gọi là Đại khủng hoảng, gây ra một cuộc suy thoái kinh tế toàn cầu nghiêm trọng.","Cuộc Đại Suy Thoái (1939), Suy thoái kinh tế năm 1939
Bong bóng thị trường (1919), Sụp đổ tài chính năm 1919
Khủng hoảng ngân hàng (1909), Khủng hoảng tín dụng năm 1909"
105,LỊCH SỬ HOA KỲ,Lịch sử Hoa Kỳ Hiện đại và Các Thông tin Lịch sử Quan trọng khác,i là Tổng thống Hoa Kỳ trong thời kỳ Đại suy thoái và Đệ nhị Thế chiến?,(Franklin) Roosevelt,Franklin Delano Roosevelt giữ chức Tổng thống thứ 32 của Hoa Kỳ từ năm 1933 đến năm 1945. Ông được biết đến là người đã lãnh đạo đất nước vượt qua cuộc Đại suy thoái với các chương trình New Deal của mình và vì vai trò lãnh đạo của ông trong Thế chiến II.,"(Herbert) Hoover
(Harry) Truman
(Woodrow) Wilson"
106,LỊCH SỬ HOA KỲ,Lịch sử Hoa Kỳ Hiện đại và Các Thông tin Lịch sử Quan trọng khác,Tại sao Hoa Kỳ tham gia vào Thế chiến thứ II?,"(Vụ đánh bom) Trân Châu Cảng, Nhật tấn công Trân Châu Cảng, Để ủng hộ Khối Đồng Minh (Anh, Pháp, Nga), Để tấn công Phe Trục (Đức, Ý, và Nhật)","Hoa Kỳ tham gia Thế chiến II do cuộc tấn công bất ngờ vào Trân Châu Cảng của Nhật Bản, điều này đã thúc đẩy quốc gia chính thức gia nhập phe Đồng minh (Anh, Pháp và Nga) và tích cực chống lại phe Trục (Đức, Ý và Nhật Bản).","(Vụ đánh bom) New York, Đức tấn công New York, Để ủng hộ Phe Liên minh (Đức, Áo-Hung, và Đế quốc Ottoman), Để phản đối Khối Đồng Minh (Anh, Pháp, và Nga)
(Vụ ám sát) Đại Công tước Franz Ferdinand, Người Serbia tấn công Áo-Hung, Để ủng hộ Phe Trục (Đức, Ý, và Nhật), Để phản đối Khối Đồng Minh (Anh, Pháp, và Nga)
(Vụ chìm tàu) Lusitania, U-boat của Đức tấn công tàu chở khách, Để ủng hộ Khối Đồng Minh (Đức, Ý, và Nhật), Để phản đối Phe Trục (Anh, Pháp, và Nga)"
107,LỊCH SỬ HOA KỲ,Lịch sử Hoa Kỳ Hiện đại và Các Thông tin Lịch sử Quan trọng khác,Dwight Eisenhower nổi tiếng vì nhiều lý do. Hãy nêu một ví dụ.,"Tổng Tư Lệnh trong Thế Chiến Thứ II, Tổng thống (trong) thời kỳ cuối chiến tranh Triều Tiên, Tổng thống thứ 34 của Hợp Chủng Quốc Hoa Kỳ, Ký kết Đạo luật Liên Bang Tài trợ Xa lộ năm 1956 (xây dựng hệ thống xa lộ liên tiểu bang)","Dwight D. Eisenhower là một nhân vật chủ chốt trong lịch sử Hoa Kỳ, đầu tiên là Tư lệnh Tối cao Lực lượng Viễn chinh Đồng minh trong Thế chiến II, chỉ huy cuộc đổ bộ D-Day. Sau đó, ông trở thành Tổng thống thứ 34 của Hoa Kỳ, được biết đến với việc chấm dứt Chiến tranh Triều Tiên và thành lập Hệ thống Đường cao tốc Liên tiểu bang.","Tổng thống đầu tiên của Hợp Chủng Quốc Hoa Kỳ, Viết Tuyên ngôn Độc lập, Dẫn đầu Phong trào Dân quyền
Dẫn đầu Cách mạng Hoa Kỳ, Phát minh ra bóng đèn, Làm Phó Tổng thống (trong) thời kỳ Chiến tranh Lạnh
Soạn thảo Tuyên ngôn Giải phóng, Thành lập Liên Hợp Quốc, Tổng thống thứ 40 của Hợp Chủng Quốc Hoa Kỳ"
108,LỊCH SỬ HOA KỲ,Lịch sử Hoa Kỳ Hiện đại và Các Thông tin Lịch sử Quan trọng khác,Ai là đối thủ chính của Hoa Kỳ trong thời kỳ Chiến tranh Lạnh?,Liên Xô,"Giải thích: Liên Xô (còn được gọi là Liên Xô hoặc Nga) là đối thủ chính trị và ý thức hệ chính của Hoa Kỳ trong Chiến tranh Lạnh. Bối cảnh: Chiến tranh Lạnh là thời kỳ căng thẳng địa chính trị giữa Hoa Kỳ và các đồng minh với Liên Xô và các quốc gia vệ tinh của Liên Xô, kéo dài từ khi kết thúc Chiến tranh thế giới thứ hai vào giữa những năm 1940 cho đến khi Liên Xô sụp đổ vào năm 1991. Đặc điểm của Chiến tranh Lạnh là cuộc chạy đua vũ trang, các cuộc chiến ủy nhiệm và cuộc đấu tranh giành ảnh hưởng toàn cầu, nhưng không có xung đột quân sự quy mô lớn trực tiếp giữa hai siêu cường.","Đức, Pháp, Anh
Trung Quốc, Nhật Bản, Ý
Canada, Mexico, Brazil"
109,LỊCH SỬ HOA KỲ,Lịch sử Hoa Kỳ Hiện đại và Các Thông tin Lịch sử Quan trọng khác,"Trong thời kỳ Chiến trang Lạnh, mối quan tâm chính của Hoa Kỳ là gì?","Chủ Nghĩa Cộng Sản, Chiến tranh hạt nhân","Trong Chiến tranh Lạnh, Hoa Kỳ chủ yếu lo ngại về sự lây lan của Chủ nghĩa Cộng sản, một hệ tư tưởng chính trị trong đó nhà nước kiểm soát kinh tế và xã hội, mà họ coi là mối đe dọa đối với dân chủ và chủ nghĩa tư bản. Họ cũng vô cùng lo ngại về chiến tranh hạt nhân, lo sợ một cuộc xung đột tàn khốc với Liên Xô, đặc biệt là với sự phát triển của bom nguyên tử và tên lửa đạn đạo xuyên lục địa.","Chủ nghĩa xã hội, Suy thoái kinh tế
Chủ nghĩa thực dân, Bất ổn dân sự
Chủ nghĩa biệt lập, Chiến tranh thế giới"
110,LỊCH SỬ HOA KỲ,Lịch sử Hoa Kỳ Hiện đại và Các Thông tin Lịch sử Quan trọng khác,Tại sao Hoa Kỳ tham gia vào Chiến tranh Triều Tiên?,Để ngăn chặn sự lây lan của Chủ Nghĩa Cộng Sản,"Chiến tranh Triều Tiên (1950-1953) là một cuộc xung đột giữa Triều Tiên (được Trung Quốc và Liên Xô ủng hộ) và Hàn Quốc (được Liên Hợp Quốc, chủ yếu là Hoa Kỳ, ủng hộ). Hoa Kỳ đã can thiệp để ngăn chặn chính phủ cộng sản của Triều Tiên chiếm lấy Hàn Quốc, như một phần của chính sách Chiến tranh Lạnh rộng lớn hơn nhằm kiềm chế chủ nghĩa cộng sản trên toàn cầu.","Để thúc đẩy dân chủ
Để giành lãnh thổ mới
Để hỗ trợ Liên Xô"
111,LỊCH SỬ HOA KỲ,Lịch sử Hoa Kỳ Hiện đại và Các Thông tin Lịch sử Quan trọng khác,Tại sao Hoa Kỳ tham gia vào Chiến Tranh Việt Nam?,Để ngăn chặn sự lây lan của Chủ Nghĩa Cộng Sản,"Hoa Kỳ tham chiến vào Việt Nam chủ yếu để ngăn chặn sự lây lan của chủ nghĩa cộng sản ở Đông Nam Á, một chính sách được gọi là ""thuyết domino"". Lý thuyết này cho rằng nếu một quốc gia trong khu vực rơi vào chủ nghĩa cộng sản, thì các quốc gia khác cũng sẽ nhanh chóng nối gót. Hoa Kỳ coi xung đột ở Việt Nam là một mặt trận quan trọng trong Chiến tranh Lạnh rộng lớn hơn chống lại Liên Xô và Trung Quốc.","Để chiếm thêm lãnh thổ mới
Để thiết lập một chính phủ mới
Để bảo vệ lợi ích kinh tế của mình"
112,LỊCH SỬ HOA KỲ,Lịch sử Hoa Kỳ Hiện đại và Các Thông tin Lịch sử Quan trọng khác,Phong trào dân quyền đã làm được những gì?,Đấu tranh để kết thúc phân biệt chủng tộc,Phong trào Dân quyền là một cuộc đấu tranh vì công bằng xã hội diễn ra chủ yếu vào những năm 1950 và 1960 để người Mỹ gốc Phi giành được các quyền bình đẳng theo luật pháp ở Hoa Kỳ. Mục tiêu chính của nó là chấm dứt phân biệt và kỳ thị chủng tộc.,"Đấu tranh để chấm dứt phân biệt chủng tộc
Đấu tranh cho quyền bầu cử của phụ nữ
Đấu tranh chống lại bất bình đẳng kinh tế"
113,LỊCH SỬ HOA KỲ,Lịch sử Hoa Kỳ Hiện đại và Các Thông tin Lịch sử Quan trọng khác,"Martin Luther King, Jr. nổi tiếng vì nhiều thứ. Hãy nêu một điều. *","Đấu tranh vì dân quyền, Nỗ lực vì sự bình đẳng cho mọi công dân Mỹ, Nỗ lực để đảm bảo mọi người """"không còn bị đánh giá qua màu da, mà bởi","Martin Luther King, Jr. là một nhà lãnh đạo trong Phong trào Dân quyền Hoa Kỳ. Ông đã chủ trương quyền bình đẳng và chấm dứt phân biệt đối xử với người Mỹ gốc Phi, nổi tiếng với việc bày tỏ hy vọng rằng mọi người sẽ được đánh giá qua tính cách của họ, không phải màu da của họ.","Trở thành tổng thống người Mỹ gốc Phi đầu tiên
Viết Tuyên ngôn Độc lập
Phát minh ra bóng đèn"
114,LỊCH SỬ HOA KỲ,Lịch sử Hoa Kỳ Hiện đại và Các Thông tin Lịch sử Quan trọng khác,Tại sao Hoa Kỳ tham gia vào Chiến tranh Vùng Vịnh?,Để buộc quân đội Iraq rút khỏi Kuwait,"Hoa Kỳ can thiệp vào Chiến tranh vùng Vịnh để giải phóng Kuwait sau cuộc xâm lược của Iraq vào tháng 8 năm 1990. Cộng đồng quốc tế đã lên án mạnh mẽ cuộc xâm lược, và Hoa Kỳ, dẫn đầu một liên minh các lực lượng, đã phát động Chiến dịch Bão táp Sa mạc để đánh đuổi quân đội Iraq khỏi Kuwait.","Để bảo vệ nguồn cung dầu
Để giải phóng Kuwait khỏi sự chiếm đóng của Iraq
Để thiết lập nền dân chủ ở Trung Đông"
115,LỊCH SỬ HOA KỲ,Lịch sử Hoa Kỳ Hiện đại và Các Thông tin Lịch sử Quan trọng khác,"Sự kiện lớn nào đã xảy ra vào ngày 11 tháng Chín, 2011 tại Hoa Kỳ?*","Những tên khủng bố tấn công Hoa Kỳ., Các phần tử khủng bố cướp quyền kiểm soát hai chiếc máy bay dân dụng và đâm vào Trung tâm Thương Mại Thế giới tại Thành Phố New York, Các phần tử khủng bố cướp quyền kiểm soát một máy bay dân dụng và đâm","Ngày 11 tháng 9 năm 2001, một loạt bốn cuộc tấn công khủng bố phối hợp của nhóm khủng bố Hồi giáo al-Qaeda nhằm vào Hoa Kỳ đã dẫn đến sự sụp đổ của các tòa tháp Trung tâm Thương mại Thế giới ở Thành phố New York và gây hư hại nghiêm trọng cho Lầu Năm Góc ở Arlington, Virginia. Một chiếc máy bay thứ tư, được cho là đang hướng đến Washington D.C., đã rơi xuống một cánh đồng ở Pennsylvania sau khi hành khách và phi hành đoàn cố gắng giành lại quyền kiểm soát.","Những kẻ khủng bố tấn công Tháp Đôi.
Những kẻ khủng bố đâm máy bay vào Tòa Bạch Ốc và Tòa nhà Quốc hội.
Những kẻ khủng bố dùng bom tấn công các thành phố lớn."
116,LỊCH SỬ HOA KỲ,Lịch sử Hoa Kỳ Hiện đại và Các Thông tin Lịch sử Quan trọng khác,Kể tên một xung đột quân sự ở Hoa Kỳ sau vụ tấn công 11/9/2001.,"(Toàn cầu) Chiến tranh chống khủng bố, Chiến tranh ở Afghanistan, Chiến tranh ở Iraq","Các cuộc tấn công ngày 11 tháng 9 năm 2001 đã thúc đẩy Hoa Kỳ phát động các hoạt động quân sự, bao gồm Cuộc chiến chống khủng bố toàn cầu, bao gồm Chiến tranh ở Afghanistan và Chiến tranh ở Iraq, để chống lại chủ nghĩa khủng bố và các chế độ liên quan.","(Nội chiến) Chiến tranh Triều Tiên, Chiến tranh Việt Nam, Thế chiến II
(Sa mạc) Chiến tranh vùng Vịnh, Chiến tranh ở châu Âu, Chiến tranh ở Cuba
(Chiến tranh lạnh) Cuộc đua không gian, Chiến tranh ở Nga, Chiến tranh ở Berlin"
117,LỊCH SỬ HOA KỲ,Lịch sử Hoa Kỳ Hiện đại và Các Thông tin Lịch sử Quan trọng khác,Kể tên một bộ tộc thổ dân ở Hoa Kỳ.,"Apache, Blackfeet, Cayuga, Cherokee, Cheyenne, Chippewa, Choctaw, Creek, Crow, Hopi, Huron, Inupiat, Lakota, Mohawk, Mohegan, Navajo, Oneida, Onondaga, Pueblo, Seminole, Seneca, Shawnee, Sioux, Teton, Tuscarora","Đây là một số trong nhiều bộ lạc người Mỹ da đỏ được liên bang công nhận ở Hoa Kỳ. Các bộ lạc này đại diện cho các nền văn hóa, ngôn ngữ và lịch sử đa dạng, và họ là những quốc gia có chủ quyền với các chính phủ và truyền thống riêng.","Cherokee, Cheyenne, Chippewa, Choctaw, Creek, Crow, Hopi, Huron, Inupiat, Lakota, Mohawk, Mohegan, Navajo, Oneida, Onondaga, Pueblo, Seminole, Seneca, Shawnee, Sioux, Teton, Tuscarora, Apache
Blackfeet, Cayuga, Cherokee, Cheyenne, Chippewa, Choctaw, Creek, Crow, Hopi, Huron, Inupiat, Lakota, Mohawk, Mohegan, Navajo, Oneida, Onondaga, Pueblo, Seminole, Seneca, Shawnee, Sioux, Teton, Tuscarora, Apache
Cayuga, Cherokee, Cheyenne, Chippewa, Choctaw, Creek, Crow, Hopi, Huron, Inupiat, Lakota, Mohawk, Mohegan, Navajo, Oneida, Onondaga, Pueblo, Seminole, Seneca, Shawnee, Sioux, Teton, Tuscarora, Apache, Blackfeet"
118,LỊCH SỬ HOA KỲ,Lịch sử Hoa Kỳ Hiện đại và Các Thông tin Lịch sử Quan trọng khác,Nêu tên một ví dụ về phát minh của người Mỹ.,"Bóng đèn, Xe ô tô (xe hơi, động cơ đốt trong), Các tòa nhà cao tầng, Máy bay, Dây chuyền lắp ráp, Đặt chân lên mặt trăng, Vi mạch (IC) Symbols and holidays","Hoa Kỳ có lịch sử đổi mới phong phú, dẫn đến nhiều phát minh có tác động đáng kể đến thế giới. Những đổi mới này thể hiện sự khéo léo của người Mỹ và đóng góp của họ vào sự tiến bộ toàn cầu. Dưới đây là một số ví dụ chính:  * Bóng đèn: Được Thomas Edison phát minh, nó đã cách mạng hóa chiếu sáng và kéo dài thời gian làm việc hiệu quả.
  * Ô tô (xe hơi, động cơ đốt trong): Được tiên phong bởi những nhân vật như Henry Ford, nó đã biến đổi giao thông và sản xuất.
  * Tòa nhà chọc trời: Các kiến ​​trúc sư và kỹ sư người Mỹ đã dẫn đầu sự phát triển của những tòa nhà cao tầng này, làm thay đổi cảnh quan đô thị.
  * Máy bay: Được anh em nhà Wright phát minh, nó đã mở ra kỷ nguyên du lịch hàng không.
  * Dây chuyền lắp ráp: Được Henry Ford phát triển, nó đã tăng đáng kể hiệu quả trong sản xuất.
  * Hạ cánh trên mặt trăng: Một thành tựu vĩ đại của chương trình Apollo, thể hiện năng lực khoa học và kỹ thuật của Mỹ.
  * Mạch tích hợp (IC): Một phát minh nền tảng của thời đại điện tử, cho phép phát triển máy tính và công nghệ hiện đại.","Kim tự tháp, Vạn Lý Trường Thành (công trình phòng thủ cổ đại), Đấu trường La Mã
Chữ in, Giấy (vật liệu viết), Đồ sứ
Tên lửa, Bàn tính, Kính thiên văn (thiết bị đo động đất)"
119,BIỂU TƯỢNG VÀ NGÀY LỄ,Biểu tượng,Tên thủ đô Hoa Kỳ là gì?,"Washington, D.C.","Washington, D.C. là thủ đô của Hoa Kỳ. Đây là một khu liên bang, không thuộc bất kỳ tiểu bang nào và được thành lập vào năm 1790 để làm trụ sở thường trực của chính phủ Hoa Kỳ.","New York, N.Y.
Los Angeles, C.A.
Chicago, I.L."
120,BIỂU TƯỢNG VÀ NGÀY LỄ,Biểu tượng,Tượng Nữ thần Tự do đặt ở đâu?,"(Bến cảng) New York, Đảo Tự do [Chấp nhận cả đáp án New Jersey, gần thành phố New York và"" nằm trên (sông) Hudson.]","Tượng Nữ thần Tự do nằm ở Bến cảng New York, cụ thể là trên Đảo Liberty. Đây là biểu tượng nổi tiếng của tự do và dân chủ, được Pháp tặng cho Hoa Kỳ.","Los Angeles (Bãi biển), Hollywood Hills [Chấp nhận cả đáp án Las Vegas, gần San Francisco và"" nằm trên (sông) Colorado.]
Chicago (Loop), Millennium Park [Chấp nhận cả đáp án Miami, gần Washington D.C. và"" nằm trên (sông) Mississippi.]
Boston (Bến cảng), Freedom Trail [Chấp nhận cả đáp án Philadelphia, gần Atlanta và"" nằm trên (sông) Potomac.]"
121,BIỂU TƯỢNG VÀ NGÀY LỄ,Biểu tượng,Tại sao quốc kỳ có 13 sọc?*,"vì có 13 thuộc địa đầu tiên, vì số sọc biểu trưng cho những thuộc địa đầu tiên",13 sọc trên lá cờ tượng trưng cho 13 thuộc địa ban đầu của Anh đã tuyên bố độc lập và thành lập Hợp chủng quốc Hoa Kỳ.,"Vì có 13 người lập quốc, vì số sọc biểu trưng cho 13 đức tính
Vì có 13 tiểu bang trong liên minh, vì số sọc tượng trưng cho 13 năm độc lập
Vì có 13 sự kiện lịch sử, vì số sọc kỷ niệm 13 vị anh hùng"
122,BIỂU TƯỢNG VÀ NGÀY LỄ,Biểu tượng,Tại sao quốc kỳ có 50 ngôi sao?,"vì một ngôi sao biểu trưng cho một bang, vì mỗi ngôi sao biểu trưng cho một bang, vì có 50 bang",Lá cờ Mỹ có 50 ngôi sao vì mỗi ngôi sao đại diện cho một trong 50 tiểu bang của Hợp chủng quốc Hoa Kỳ. Thiết kế này đảm bảo rằng mỗi tiểu bang đều được biểu tượng hóa trên quốc kỳ.,"vì mỗi ngôi sao tượng trưng cho một sọc, vì mỗi ngôi sao tượng trưng cho một màu, vì có 50 sọc
vì mỗi ngôi sao tượng trưng cho một thuộc địa ban đầu, vì mỗi ngôi sao tượng trưng cho một tổng thống, vì có 50 màu
vì mỗi ngôi sao tượng trưng cho một sự kiện lịch sử, vì mỗi ngôi sao tượng trưng cho một chiến thắng quân sự, vì có 50 sửa đổi"
123,BIỂU TƯỢNG VÀ NGÀY LỄ,Biểu tượng,Tên của quốc ca là gì?,The Star-Spangled Banner (Lá cờ lấp lánh ánh sao),"""The Star-Spangled Banner"" là quốc ca của Hoa Kỳ. Lời bài hát này bắt nguồn từ bài thơ ""Defence of Fort M'Henry"" (Phòng thủ của Pháo đài M'Henry), do Francis Scott Key viết vào năm 1814 sau khi chứng kiến cuộc bắn phá Pháo đài McHenry ở Baltimore trong Chiến tranh năm 1812.","America the Beautiful (Nước Mỹ tươi đẹp)
God Bless America (Chúa phù hộ nước Mỹ)
My Country, 'Tis of Thee (Đất nước tôi, của người)"
124,BIỂU TƯỢNG VÀ NGÀY LỄ,Biểu tượng,Châm ngôn đầu tiên của quốc gia là “E Pluribus Unum.” Điều đó có nghĩa là gì?,"Từ nhiều hợp thành một, Tất cả chúng ta trở thành một","Cụm từ ""E Pluribus Unum"" trong tiếng Latin có nghĩa là ""Từ nhiều, thành một"". Đây là khẩu hiệu được sử dụng trên Quốc ấn Hoa Kỳ vào năm 1782. Khẩu hiệu này thể hiện sự thống nhất của các bang riêng lẻ thành một quốc gia gắn kết. Ý tưởng là dù có nhiều bang, chúng cùng nhau tạo thành một quốc gia duy nhất.","Từ nhiều đến một, Chúng ta đều là một
Một quốc gia, dưới Chúa, không thể chia cắt
Vì dân, bởi dân, của dân"
125,BIỂU TƯỢNG VÀ NGÀY LỄ,Ngày lễ,Ngày Độc Lập là gì?,"Là một ngày lễ để ăn mừng sự độc lập của Hoa Kỳ (khỏi Anh), Ngày quốc khánh của Hoa Kỳ","Ngày Độc lập là một ngày lễ của Hoa Kỳ được tổ chức hàng năm vào ngày 4 tháng 7. Nó kỷ niệm việc thông qua Tuyên ngôn Độc lập vào ngày 4 tháng 7 năm 1776, tuyên bố độc lập của đất nước khỏi Vương quốc Anh. Nó thường được gọi là ngày sinh nhật của Mỹ và được tổ chức bằng pháo hoa, diễu hành và các lễ hội khác.","Một ngày lễ kỷ niệm Hiến pháp Hoa Kỳ (phê chuẩn), ngày thành lập đất nước
Một ngày lễ kỷ niệm các cựu chiến binh Hoa Kỳ (của tất cả các cuộc chiến), ngày anh hùng của đất nước
Một ngày lễ kỷ niệm các tổng thống Hoa Kỳ (Washington, Lincoln), các nhà lãnh đạo của đất nước"
126,BIỂU TƯỢNG VÀ NGÀY LỄ,Ngày lễ,Kể tên Ba ngày lễ quốc gia ở Hoa Kỳ.*,"Ngày Năm mới, Ngày tưởng niệm Martin Luther King, Jr., Ngày Tổng thống ( Ngày sinh của Washington), Ngày Tưởng niệm Chiến sĩ trận vong, Ngày Quốc khánh, Ngày Lao động, Ngày Columbus, Ngày Cựu chiến binh, Lễ Tạ ơn, Giáng sinh","Hoa Kỳ kỷ niệm một số ngày lễ quốc gia trong suốt cả năm, kỷ niệm các sự kiện lịch sử, nhân vật và truyền thống văn hóa khác nhau. Những ngày này thường được đánh dấu bằng việc đóng cửa các văn phòng liên bang, ngân hàng và trường học, cho phép mọi người có thời gian để tưởng nhớ, ăn mừng hoặc thư giãn. Danh sách được cung cấp bao gồm nhiều ngày lễ được công nhận rộng rãi này.","Ngày Cá tháng Tư, Ngày Valentine, Halloween
Ngày Thánh Patrick, Ngày của Mẹ, Ngày của Cha
Ngày Lá cờ, Ngày Bầu cử, Ngày Chuột chũi"
127,BIỂU TƯỢNG VÀ NGÀY LỄ,Ngày lễ,Lễ Chiến sĩ trận vong là gì?,Ngày lễ để tưởng niệm những quân nhân đã tử nạn trong quân ngũ,Ngày Tưởng niệm là một ngày lễ liên bang ở Hoa Kỳ được tổ chức vào thứ Hai cuối cùng của tháng Năm. Đó là một ngày tưởng nhớ những người đã hy sinh trong quân đội cho Hoa Kỳ.,"Một ngày lễ để kỷ niệm việc ký Tuyên ngôn Độc lập
Một ngày để tưởng nhớ những người đã phục vụ trong lực lượng vũ trang và trở về nhà
Một lễ kỷ niệm kết thúc Thế chiến thứ hai"
128,BIỂU TƯỢNG VÀ NGÀY LỄ,Ngày lễ,Ngày cựu chiến binh là gì?,"Ngày lễ để tôn vinh các cựu chiến binh trong quân đội (Hoa Kỳ), Ngày lễ để tôn vinh những người đã từng phục vụ (trong quân đội Hoa Kỳ)","Ngày Cựu chiến binh là một ngày lễ của Hoa Kỳ vào ngày 11 tháng 11 để vinh danh tất cả những người đã phục vụ trong quân đội Hoa Kỳ. Ban đầu được gọi là Ngày Đình chiến, nó đánh dấu sự kết thúc của Thế chiến thứ nhất.","Ngày lễ để tôn vinh những người làm việc (trong chính phủ Hoa Kỳ)
Ngày lễ để tôn vinh những người bỏ phiếu (trong các cuộc bầu cử ở Hoa Kỳ)
Ngày lễ để tôn vinh những người dạy học (trong các trường học ở Hoa Kỳ)"